Date,Stand Name,Plot ID,Surveyed YN,Topographic Position,Species,Tree.UID,DBH,Strata,Notes
NA,Butler Mtn Archer,BA1,N,NA,NA,NA,NA,NA,NA
10/13/2025,Butler Mtn Archer,BA10,Y,Midslope/Rocky outcrop,Chestnut oak,1,11.9,M,"Honeysuckle, stiltgrass"
10/13/2025,Butler Mtn Archer,BA10,Y,Midslope/Rocky outcrop,Chestnut oak,2,14.1,M,"Honeysuckle, stiltgrass"
10/13/2025,Butler Mtn Archer,BA10,Y,Midslope/Rocky outcrop,Chestnut oak,3,18.1,O,"Honeysuckle, stiltgrass; bent diagonal"
10/13/2025,Butler Mtn Archer,BA10,Y,Midslope/Rocky outcrop,Red maple,4,10.1,M,"Honeysuckle, stiltgrass"
10/13/2025,Butler Mtn Archer,BA10,Y,Midslope/Rocky outcrop,Chestnut oak,5,11.9,M,"Honeysuckle, stiltgrass"
10/13/2025,Butler Mtn Archer,BA10,Y,Midslope/Rocky outcrop,Hickory,6,7.2,M,"Honeysuckle, stiltgrass"
10/13/2025,Butler Mtn Archer,BA10,Y,Midslope/Rocky outcrop,Chestnut oak,7,5.6,U,"Honeysuckle, stiltgrass"
10/13/2025,Butler Mtn Archer,BA10,Y,Midslope/Rocky outcrop,Chestnut oak,8,10.7,M,"Honeysuckle, stiltgrass"
10/13/2025,Butler Mtn Archer,BA11,Y,Flat/depression,Red oak,,9.5,O,"Stiltgrass, honeysuckle, Autumn olive outside shrub plot; Est. plot boundaries"
10/13/2025,Butler Mtn Archer,BA11,Y,Flat/depression,Sweet birch,,8.4,O,"Stiltgrass, honeysuckle, Autumn olive outside shrub plot"
10/13/2025,Butler Mtn Archer,BA11,Y,Flat/depression,Hickory,,5.7,M/U,"Stiltgrass, honeysuckle, Autumn olive outside shrub plot"
10/13/2025,Butler Mtn Archer,BA11,Y,Flat/depression,Sweet birch,,12.8,O,"Stiltgrass, honeysuckle, Autumn olive outside shrub plot"
10/13/2025,Butler Mtn Archer,BA11,Y,Flat/depression,Red maple,,12.9,O,"Stiltgrass, honeysuckle, Autumn olive outside shrub plot"
10/13/2025,Butler Mtn Archer,BA11,Y,Flat/depression,Red maple,,14.8,O,"Stiltgrass, honeysuckle, Autumn olive outside shrub plot; 2nd stem = 7.8 (trunk rot)"
10/13/2025,Butler Mtn Archer,BA11,Y,Flat/depression,Chestnut oak,,5.3,M,"Stiltgrass, honeysuckle, Autumn olive outside shrub plot"
10/13/2025,Butler Mtn Archer,BA11,Y,Flat/depression,White pine,,>3,U,"Stiltgrass, honeysuckle, Autumn olive outside shrub plot"
10/13/2025,Butler Mtn Archer,BA11,Y,Flat/depression,Chestnut oak,,>3,M,"Stiltgrass, honeysuckle, Autumn olive outside shrub plot"
10/13/2025,Butler Mtn Archer,BA11,Y,Flat/depression,Hickory,,>3,M,"Stiltgrass, honeysuckle, Autumn olive outside shrub plot"
10/9/2025,Butler Mtn Archer,BA12,Y,Midslope,Red maple,,13.3,O,Largely saplings
10/13/2025,Butler Mtn Archer,BA12,Y,Ridge/flat,Red maple,,6.1,M,Honeysuckle
10/13/2025,Butler Mtn Archer,BA12,Y,Ridge/flat,Tulip poplar,,30.4,O,Honeysuckle
10/13/2025,Butler Mtn Archer,BA12,Y,Ridge/flat,Eastern redcedar,,10.2,M,Honeysuckle
10/13/2025,Butler Mtn Archer,BA12,Y,Ridge/flat,Tulip poplar,,28.1,O,Honeysuckle
10/13/2025,Butler Mtn Archer,BA12,Y,Ridge/flat,Tulip poplar,,29,O,Honeysuckle; est. DBH (briars)
10/8/2025,Butler Mtn Archer,BA13,Y,Midslope,Eastern redcedar,,6.2,O,Mostly in field
10/8/2025,Butler Mtn Archer,BA13,Y,Midslope,Virginia pine,,8.9,O,Mostly in field
10/8/2025,Butler Mtn Archer,BA13,Y,Midslope,Virginia pine,,5.3,O,Mostly in field
10/8/2025,Butler Mtn Archer,BA13,Y,Midslope,Virginia pine,,5.5,O,Mostly in field
10/8/2025,Butler Mtn Archer,BA13,Y,Midslope,Black locust,,5.6,O,Mostly in field
10/8/2025,Butler Mtn Archer,BA13,Y,Midslope,Tulip poplar,,6.4,O,Mostly in field
10/2/2025,Butler Mtn Archer,BA13A,Y,Midslope,Virginia pine,,14,O,Est. DBH (briars)
10/2/2025,Butler Mtn Archer,BA13A,Y,Midslope,Tulip poplar,,16.4,O,
10/2/2025,Butler Mtn Archer,BA13A,Y,Midslope,Tulip poplar,,7.9,O,5-way split at DBH!
10/2/2025,Butler Mtn Archer,BA13A,Y,Midslope,Red maple,,6.5,M,Est. DBH
10/2/2025,Butler Mtn Archer,BA13A,Y,Midslope,Hickory,,>3,U,
10/2/2025,Butler Mtn Archer,BA13A,Y,Midslope,White oak,,>3,M,
NA,Butler Mtn Archer,BA14,N,NA,NA,,NA,NA,NA
NA,Butler Mtn Archer,BA15,N,NA,NA,,NA,NA,NA
9/29/2025,Butler Mtn Archer,BA2,Y,Midslope,Eastern hemlock,,5.2,O,"South end of plot in old road; Princess Pine, hemlocks"
9/29/2025,Butler Mtn Archer,BA2,Y,Midslope,Sweet birch,,9,M,"South end of plot in old road; Princess Pine, hemlocks"
9/29/2025,Butler Mtn Archer,BA2,Y,Midslope,Red oak,,14.6,O,"South end of plot in old road; Princess Pine, hemlocks"
9/29/2025,Butler Mtn Archer,BA2,Y,Midslope,White pine,,26.7,O/M,"South end of plot in old road; Princess Pine, hemlocks"
9/29/2025,Butler Mtn Archer,BA2,Y,Midslope,Red maple,,10.8,U,"South end of plot in old road; Princess Pine, hemlocks"
9/29/2025,Butler Mtn Archer,BA2,Y,Midslope,White oak,,15,M,"South end of plot in old road; Princess Pine, hemlocks"
9/29/2025,Butler Mtn Archer,BA2,Y,Midslope,Red maple,,15.6,O,"South end of plot in old road; Princess Pine, hemlocks"
9/29/2025,Butler Mtn Archer,BA2,Y,Midslope,Tulip poplar,,36,O,"South end of plot in old road; Princess Pine, hemlocks"
10/8/2025,Butler Mtn Archer,BA3,Y,Terrace,Tulip poplar,,11,U,"Bittersweet, mimosa, autumn olive (outside shrub plot). Above river/trail; Old beaver sign. Broken trunk"
10/8/2025,Butler Mtn Archer,BA3,Y,Terrace,White oak,,14.2,O,"Bittersweet, mimosa, autumn olive (outside shrub plot). Above river/trail; Old beaver sign. Broken trunk"
10/8/2025,Butler Mtn Archer,BA3,Y,Terrace,White oak,,17,O,"Bittersweet, mimosa, autumn olive (outside shrub plot). Above river/trail; Old beaver sign. Est. DBH"
10/8/2025,Butler Mtn Archer,BA3,Y,Terrace,Hickory,,12.8,O,"Bittersweet, mimosa, autumn olive (outside shrub plot). Above river/trail; Old beaver sign"
10/8/2025,Butler Mtn Archer,BA3,Y,Terrace,Hickory,,16,O,"Bittersweet, mimosa, autumn olive (outside shrub plot). Above river/trail; Old beaver sign. Est. DBH"
10/8/2025,Butler Mtn Archer,BA3,Y,Terrace,Hickory,,12.9,O,"Bittersweet, mimosa, autumn olive (outside shrub plot). Above river/trail; Old beaver sign"
10/7/2025,Butler Mtn Archer,BA4,Y,Midslope,Post oak,,7.3,O,
10/7/2025,Butler Mtn Archer,BA4,Y,Midslope,Hickory,,5.4,U,
10/7/2025,Butler Mtn Archer,BA4,Y,Midslope,Hickory,,8.7,M,
10/7/2025,Butler Mtn Archer,BA4,Y,Midslope,Hickory,,10,O,
10/7/2025,Butler Mtn Archer,BA4,Y,Midslope,Hickory,,11.5,O,
10/7/2025,Butler Mtn Archer,BA4,Y,Midslope,Hickory,,14.6,O,
10/7/2025,Butler Mtn Archer,BA4,Y,Midslope,Black walnut,,6.7,U,
10/7/2025,Butler Mtn Archer,BA5,Y,Midslope,Red maple,,6.8,M,
10/7/2025,Butler Mtn Archer,BA5,Y,Midslope,Black oak,,21.1,O,Second trunk DBH: 18.3
10/7/2025,Butler Mtn Archer,BA5,Y,Midslope,Red maple,,6.8,M,
10/7/2025,Butler Mtn Archer,BA5,Y,Midslope,Tulip poplar,,36.4,O,
10/7/2025,Butler Mtn Archer,BA5,Y,Midslope,Hickory,,6.4,M,
10/7/2025,Butler Mtn Archer,BA5,Y,Midslope,Hickory,,9.4,O,
NA,Butler Mtn Archer,BA6,N,NA,NA,,NA,NA,NA
10/8/2025,Butler Mtn Archer,BA7,Y,Ridge,White pine,,10.4,O,
10/8/2025,Butler Mtn Archer,BA7,Y,Ridge,White pine,,11.8,O,
10/8/2025,Butler Mtn Archer,BA7,Y,Ridge,White pine,,15.9,O,
10/8/2025,Butler Mtn Archer,BA7,Y,Ridge,White pine,,25.2,O,
10/8/2025,Butler Mtn Archer,BA7,Y,Ridge,Black oak,,11.7,M,
10/8/2025,Butler Mtn Archer,BA7,Y,Ridge,Red oak,,21.9,M,
10/8/2025,Butler Mtn Archer,BA7,Y,Ridge,Blackgum,,6,U,
10/8/2025,Butler Mtn Archer,BA7,Y,Ridge,White pine,,20.6,O,
10/8/2025,Butler Mtn Archer,BA7,Y,Ridge,White pine,,8,M,
10/8/2025,Butler Mtn Archer,BA7,Y,Ridge,Tulip poplar,,21.5,O,
10/8/2025,Butler Mtn Archer,BA7,Y,Ridge,White pine,,13.2,O,
10/8/2025,Butler Mtn Archer,BA8,Y,Midslope/flat,Red maple,,9.1,M,Bittersweet
10/8/2025,Butler Mtn Archer,BA8,Y,Midslope/flat,Tulip poplar,,22.6,O,Bittersweet
10/8/2025,Butler Mtn Archer,BA8,Y,Midslope/flat,Red maple,,7.9,M,Bittersweet
10/8/2025,Butler Mtn Archer,BA8,Y,Midslope/flat,Tulip poplar,,19.2,O,Bittersweet
10/8/2025,Butler Mtn Archer,BA8,Y,Midslope/flat,Tulip poplar,,20.8,O,Bittersweet
10/8/2025,Butler Mtn Archer,BA8,Y,Midslope/flat,White pine,,10,M,Bittersweet
10/8/2025,Butler Mtn Archer,BA8,Y,Midslope/flat,Tulip poplar,,16.8,O,Bittersweet
10/8/2025,Butler Mtn Archer,BA8,Y,Midslope/flat,Black oak,,11.4,O,Bittersweet
NA,Butler Mtn Archer,BA9,N,NA,NA,,NA,NA,NA
NA,Ball Hollow Ridge,BH1,N,NA,NA,,NA,NA,NA
8/12/2025,Ball Hollow Ridge,BH10,Y,Ridge,Red oak,,30.5,O,"Grazed; several down trees; Stiltgrass, perilla mint"
8/12/2025,Ball Hollow Ridge,BH10,Y,Ridge,Hickory,,8.4,U,"Grazed; several down trees; Stiltgrass, perilla mint"
8/12/2025,Ball Hollow Ridge,BH10,Y,Ridge,White oak,,14,O,"Grazed; several down trees; Stiltgrass, perilla mint"
8/12/2025,Ball Hollow Ridge,BH10,Y,Ridge,Red oak,,12.4,O,"Grazed; several down trees; Stiltgrass, perilla mint"
8/12/2025,Ball Hollow Ridge,BH10,Y,Ridge,Hickory,,7.6,M,"Grazed; several down trees; Stiltgrass, perilla mint"
8/12/2025,Ball Hollow Ridge,BH10,Y,Ridge,Hickory,,10.3,O,"Grazed; several down trees; Stiltgrass, perilla mint"
8/12/2025,Ball Hollow Ridge,BH10,Y,Ridge,Hickory,,7.1,O,"Grazed; several down trees; Stiltgrass, perilla mint"
8/12/2025,Ball Hollow Ridge,BH10,Y,Ridge,Hickory,,7.1,M,"Grazed; several down trees; Stiltgrass, perilla mint"
8/12/2025,Ball Hollow Ridge,BH11,Y,Flat,Mulberry,,19.1,O,"Grazed; stiltgrass, perilla mint"
8/12/2025,Ball Hollow Ridge,BH11,Y,Flat,Hickory,,9.8,O,"Grazed; stiltgrass, perilla mint"
8/12/2025,Ball Hollow Ridge,BH11,Y,Flat,Hickory,,12.5,O,"Grazed; stiltgrass, perilla mint"
8/12/2025,Ball Hollow Ridge,BH11,Y,Flat,Hickory,,17.7,O,"Declining?; Grazed; stiltgrass, perilla mint"
8/12/2025,Ball Hollow Ridge,BH12,Y,Midslope/flat,White oak,,19.5,O/M,"Grazed; stiltgrass, perilla mint"
8/12/2025,Ball Hollow Ridge,BH12,Y,Midslope/flat,Hickory,,5.1,U,"Grazed; stiltgrass, perilla mint"
8/12/2025,Ball Hollow Ridge,BH12,Y,Midslope/flat,Persimmon,,21.4,O,"Grazed; stiltgrass, perilla mint"
8/12/2025,Ball Hollow Ridge,BH12,Y,Midslope/flat,Hickory,,10.1,M,"Grazed; stiltgrass, perilla mint"
8/12/2025,Ball Hollow Ridge,BH12,Y,Midslope/flat,White oak,,30.5,O,"Grazed; stiltgrass, perilla mint"
NA,Ball Hollow Ridge,BH2,N,NA,NA,,NA,NA,NA
NA,Ball Hollow Ridge,BH3,N,NA,NA,,NA,NA,NA
NA,Ball Hollow Ridge,BH4,N,NA,NA,,NA,NA,NA
8/12/2025,Ball Hollow Ridge,BH5,Y,Ridge,Hickory,,8,M/U,At rock wall
8/12/2025,Ball Hollow Ridge,BH5,Y,Ridge,Red oak,,27,O,At rock wall
8/12/2025,Ball Hollow Ridge,BH5,Y,Ridge,White oak,,26,M,At rock wall
8/12/2025,Ball Hollow Ridge,BH5,Y,Ridge,Hickory,,25,O,At rock wall
NA,Ball Hollow Ridge,BH6,N,NA,NA,,NA,NA,NA
NA,Ball Hollow Ridge,BH7,N,NA,NA,,NA,NA,NA
8/12/2025,Ball Hollow Ridge,BH8,Y,Midslope/terrace,Hickory,,17.1,M,Grazed
8/12/2025,Ball Hollow Ridge,BH8,Y,Midslope/terrace,Blackgum,,18,O,Grazed
8/12/2025,Ball Hollow Ridge,BH8,Y,Midslope/terrace,Hickory,,9.1,M/U,Grazed
8/12/2025,Ball Hollow Ridge,BH8,Y,Midslope/terrace,Hickory,,8.5,M,Grazed
8/12/2025,Ball Hollow Ridge,BH9,Y,Midslope/Depression,Tulip poplar,,25,O,
8/12/2025,Ball Hollow Ridge,BH9,Y,Midslope/Depression,Sweet birch,,17.3,M,Forked above DBH
8/12/2025,Ball Hollow Ridge,BH9,Y,Midslope/Depression,Ailanthus,,15,O,
8/12/2025,Ball Hollow Ridge,BH9,Y,Midslope/Depression,Tulip poplar,,13,M,
8/7/2025,Butler North,BN1,Y,Flat,Tulip poplar,,19.9,O,
8/7/2025,Butler North,BN1,Y,Flat,Tulip poplar,,17.3,O,Rotting at base
8/7/2025,Butler North,BN1,Y,Flat,Sweet birch,,6,O,
8/7/2025,Butler North,BN1,Y,Flat,Tulip poplar,,7.7,O,
8/7/2025,Butler North,BN1,Y,Flat,Sweet birch,,5.3,M,
8/7/2025,Butler North,BN1,Y,Flat,Tulip poplar,,21.3,O,
8/7/2025,Butler North,BN1,Y,Flat,Red maple,,7,M,
8/7/2025,Butler North,BN1,Y,Flat,Tulip poplar,,20.2,O,
8/7/2025,Butler North,BN1,Y,Flat,Chestnut oak,,5.7,M/U,Hybrid?
8/6/2025,Butler North,BN10,Y,Midslope,Tulip poplar,,21.7,O,on Trail
8/6/2025,Butler North,BN10,Y,Midslope,Red oak,,30,O,on Trail
8/6/2025,Butler North,BN10,Y,Midslope,Black locust,,>3,M,on Trail
8/6/2025,Butler North,BN11,Y,Midslope,Chestnut oak,,13.6,M,
8/6/2025,Butler North,BN11,Y,Midslope,Tulip poplar,,20.6,O,
8/6/2025,Butler North,BN11,Y,Midslope,Hickory,,15.7,O,
8/6/2025,Butler North,BN11,Y,Midslope,White pine,,18.5,O,
8/6/2025,Butler North,BN11,Y,Midslope,Blackgum,,7,U,
8/11/2025,Butler North,BN12,Y,Midslope,Red maple,,11,O,Trail/logging road; Birches right outside plot
8/11/2025,Butler North,BN12,Y,Midslope,Chestnut oak,,14.6,O,Trail/logging road; Birches right outside plot
8/11/2025,Butler North,BN12,Y,Midslope,Chestnut oak,,10.1,O,Trail/logging road; Birches right outside plot
8/11/2025,Butler North,BN12,Y,Midslope,White pine,,17.2,O,Trail/logging road; Birches right outside plot
8/11/2025,Butler North,BN12,Y,Midslope,White pine,,17.5,O,Trail/logging road; Birches right outside plot
8/11/2025,Butler North,BN12,Y,Midslope,White pine,,20,O,Trail/logging road; Birches right outside plot
NA,Butler North,BN13,N,NA,NA,,NA,NA,NA
8/11/2025,Butler North,BN14,Y,Midslope/Depression,Sweet birch,,14.8,O,Next to stream
8/11/2025,Butler North,BN14,Y,Midslope/Depression,Sweet birch,,12.6,O,Next to stream
8/11/2025,Butler North,BN14,Y,Midslope/Depression,Sweet birch,,11.6,O/M,Next to stream
8/11/2025,Butler North,BN14,Y,Midslope/Depression,Tulip poplar,,24.6,O,Next to stream
8/11/2025,Butler North,BN14,Y,Midslope/Depression,Red maple,,14.2,M,Next to stream
8/11/2025,Butler North,BN14,Y,Midslope/Depression,Tulip poplar,,17.8,O,Next to stream
8/11/2025,Butler North,BN14,Y,Midslope/Depression,Hickory,,6.6,M,Next to stream
8/6/2025,Butler North,BN15,Y,Midslope,Tulip poplar,,28,O,Split before DBH
8/6/2025,Butler North,BN15,Y,Midslope,Black oak,,11,M,
8/6/2025,Butler North,BN15,Y,Midslope,Tulip poplar,,13.1,O,
8/6/2025,Butler North,BN15,Y,Midslope,Tulip poplar,,7,M,Diagonal
8/6/2025,Butler North,BN15,Y,Midslope,Hickory,,>3,M,Butternut
8/11/2025,Butler North,BN2,Y,Flat,Black locust,,3,,
8/11/2025,Butler North,BN2,Y,Flat,White oak,,4.6,M,Beeches possibly missed
8/11/2025,Butler North,BN2,Y,Flat,Hickory,,11.3,O,
8/6/2025,Butler North,BN3,Y,Midslope,Red oak,,35.2,O,Splits above DBH
8/6/2025,Butler North,BN3,Y,Midslope,Hickory,,5.1,M,
8/6/2025,Butler North,BN3,Y,Midslope,Hickory,,9.7,M,
8/6/2025,Butler North,BN4,Y,Midslope,Black oak,,16,O,
8/6/2025,Butler North,BN4,Y,Midslope,Hickory,,13,O,
8/6/2025,Butler North,BN4,Y,Midslope,Hickory,,14.3,M,
8/6/2025,Butler North,BN4,Y,Midslope,Tulip poplar,,22.5,O,
8/6/2025,Butler North,BN4,Y,Midslope,Tulip poplar,,23.3,O,
8/6/2025,Butler North,BN4,Y,Midslope,Red oak,,12.5,M,
8/7/2025,Butler North,BN5,Y,Terrace,Black oak,,15.8,O/M,Est. plot edges - on Trail; stiltgrass
8/7/2025,Butler North,BN5,Y,Terrace,Red maple,,7.4,M,Est. plot edges - on Trail; stiltgrass
8/7/2025,Butler North,BN5,Y,Terrace,Red oak,,13.2,O,Est. plot edges - on Trail; stiltgrass
8/7/2025,Butler North,BN5,Y,Terrace,Red oak,,20.9,O,Est. plot edges - on Trail; stiltgrass
8/7/2025,Butler North,BN5,Y,Terrace,Blackgum,,5.4,U/M,Est. plot edges - on Trail; stiltgrass
8/7/2025,Butler North,BN5,Y,Terrace,Black oak,,15,M,Est. plot edges - on Trail; stiltgrass
8/7/2025,Butler North,BN5,Y,Terrace,Hickory,,15.6,M,Est. plot edges - on Trail; stiltgrass
8/7/2025,Butler North,BN5,Y,Terrace,Tulip poplar,,20.2,M,Est. plot edges - on Trail; stiltgrass
8/7/2025,Butler North,BN5,Y,Terrace,Blackgum,,8,U,Est. plot edges - on Trail; stiltgrass
8/7/2025,Butler North,BN5,Y,Terrace,Tulip poplar,,24,M,Est. plot edges - on Trail; stiltgrass
8/7/2025,Butler North,BN6,Y,Midslope/Depression,Tulip poplar,,7,M,
8/7/2025,Butler North,BN6,Y,Midslope/Depression,Tulip poplar,,14.8,O,
8/7/2025,Butler North,BN6,Y,Midslope/Depression,Hickory,,8.6,O,
8/7/2025,Butler North,BN6,Y,Midslope/Depression,Dogwood,,4.3,U,
8/7/2025,Butler North,BN6,Y,Midslope/Depression,Sweet birch,,7.2,M,Split at base
NA,Butler North,BN7,N,NA,NA,,NA,NA,NA
8/7/2025,Butler North,BN8,Y,Ridge,Blackgum,,6.9,M,
8/7/2025,Butler North,BN8,Y,Ridge,White pine,,10.3,O,barely alive
8/7/2025,Butler North,BN8,Y,Ridge,Sweet birch,,6,M,
8/7/2025,Butler North,BN8,Y,Ridge,White pine,,17.4,O,
8/7/2025,Butler North,BN8,Y,Ridge,Blackgum,,5.3,U,
8/7/2025,Butler North,BN8,Y,Ridge,White pine,,11.1,O,
8/7/2025,Butler North,BN8,Y,Ridge,White pine,,10.2,O,
8/7/2025,Butler North,BN8,Y,Ridge,White pine,,17.3,O,
8/7/2025,Butler North,BN8,Y,Ridge,White pine,,7.3,O,
8/11/2025,Butler North,BN9,Y,Ridge,Chestnut oak,,20.4,O,Dying?
8/11/2025,Butler North,BN9,Y,Ridge,White oak,,18.9,O/M,
8/11/2025,Butler North,BN9,Y,Ridge,Blackgum,,15,M,
7/9/2025,Butler Mtn,BU1,Y,Midslope,Blackgum,,5.5,M,
7/9/2025,Butler Mtn,BU1,Y,Midslope,Red maple,,7.6,O,
7/9/2025,Butler Mtn,BU1,Y,Midslope,Blackgum,,22.9,O,
7/9/2025,Butler Mtn,BU1,Y,Midslope,Red maple,,8.9,M,
7/9/2025,Butler Mtn,BU1,Y,Midslope,Blackgum,,9.1,O,
7/9/2025,Butler Mtn,BU1,Y,Midslope,Black oak,,32.1,O,
7/9/2025,Butler Mtn,BU1,Y,Midslope,Black oak,,20.1,O,
7/17/2025,Butler Mtn,BU10,Y,Midslope,Chestnut oak,,34.6,O,
7/17/2025,Butler Mtn,BU10,Y,Midslope,Hickory,,7.7,M,
7/17/2025,Butler Mtn,BU10,Y,Midslope,Hickory,,15,O,
7/17/2025,Butler Mtn,BU10,Y,Midslope,Hickory,,8.1,M,
7/17/2025,Butler Mtn,BU10,Y,Midslope,Hickory,,9.2,M,
7/17/2025,Butler Mtn,BU10,Y,Midslope,Hickory,,7.3,M,
NA,Butler Mtn,BU2,N,NA,NA,,NA,NA,NA
7/10/2025,Butler Mtn,BU3,Y,Ridge/Midslope,Hickory,,14.1,O,
7/10/2025,Butler Mtn,BU3,Y,Ridge/Midslope,Hickory,,25.9,O,
7/10/2025,Butler Mtn,BU3,Y,Ridge/Midslope,Hickory,,12.4,O,
7/16/2025,Butler Mtn,BU4,Y,Midslope,Tulip poplar,,9.6,O,
7/16/2025,Butler Mtn,BU4,Y,Midslope,Ailanthus,,6.6,O,
7/16/2025,Butler Mtn,BU4,Y,Midslope,Tulip poplar,,8.4,O,
NA,Butler Mtn,BU5,N,NA,NA,,NA,NA,NA
NA,Butler Mtn,BU6,N,NA,NA,,NA,NA,NA
NA,Butler Mtn,BU7,N,NA,NA,,NA,NA,NA
7/14/2025,Butler Mtn,BU8,Y,Flat,Tulip poplar,,6.2,O,Multiflora rose
7/14/2025,Butler Mtn,BU8,Y,Flat,Red maple,,5.6,M,One side dying; Multiflora rose
7/14/2025,Butler Mtn,BU8,Y,Flat,Ailanthus,,15.7,O,Multiflora rose
7/14/2025,Butler Mtn,BU8,Y,Flat,Black cherry,,15.5,O,Large poison ivy vine; Multiflora rose
7/14/2025,Butler Mtn,BU8,Y,Flat,Ailanthus,,15.4,O,Multiflora rose
7/14/2025,Butler Mtn,BU8,Y,Flat,Ailanthus,,10,M,Multiflora rose
7/14/2025,Butler Mtn,BU8,Y,Flat,Ailanthus,,17,O,Poison ivy; Multiflora rose
7/14/2025,Butler Mtn,BU8,Y,Flat,Tulip poplar,,19.7,O,Multiflora rose
7/14/2025,Butler Mtn,BU8,Y,Flat,Black cherry,,23.4,O,Multiflora rose
7/16/2025,Butler Mtn,BU9,Y,Midslope,Hickory,,7.6,M,"Incidentals: Autumn olive, chestnut oak"
7/16/2025,Butler Mtn,BU9,Y,Midslope,Tulip poplar,,7.1,O,"Incidentals: Autumn olive, chestnut oak"
7/16/2025,Butler Mtn,BU9,Y,Midslope,Tulip poplar,,10,O,"Incidentals: Autumn olive, chestnut oak"
7/16/2025,Butler Mtn,BU9,Y,Midslope,Black locust,,6.6,M,"Incidentals: Autumn olive, chestnut oak"
7/16/2025,Butler Mtn,BU9,Y,Midslope,Tulip poplar,,6.2,M,"Incidentals: Autumn olive, chestnut oak"
7/16/2025,Butler Mtn,BU9,Y,Midslope,Black locust,,5.2,M,"Incidentals: Autumn olive, chestnut oak"
9/17/2025,Bragonier,BW1,Y,Bench,Black cherry,,27,O,"Ash just outside; Stiltgrass, honeysuckle; Est DBH; Poison Ivy"
9/17/2025,Bragonier,BW1,Y,Bench,Black gum,,10.6,M,"Ash just outside; Stiltgrass, honeysuckle"
9/17/2025,Bragonier,BW1,Y,Bench,Black gum,,8.1,M,"Ash just outside; Stiltgrass, honeysuckle"
9/17/2025,Bragonier,BW1,Y,Bench,Black walnut,,18.4,O,"Ash just outside; Stiltgrass, honeysuckle"
NA,Bragonier,BW10,N,NA,NA,,NA,NA,NA
NA,Bragonier,BW11,N,NA,NA,,NA,NA,NA
NA,Bragonier,BW12,N,NA,NA,,NA,NA,NA
NA,Bragonier,BW2,N,NA,NA,,NA,NA,NA
NA,Bragonier,BW3,N,NA,NA,,NA,NA,NA
NA,Bragonier,BW4,N,NA,NA,,NA,NA,NA
NA,Bragonier,BW5,N,NA,NA,,NA,NA,NA
NA,Bragonier,BW6,N,NA,NA,,NA,NA,NA
NA,Bragonier,BW7,N,NA,NA,,NA,NA,NA
NA,Bragonier,BW8,N,NA,NA,,NA,NA,NA
NA,Bragonier,BW9,N,NA,NA,,NA,NA,NA
NA,Chancellor's Ridge,CR1,N,NA,NA,,NA,NA,NA
NA,Chancellor's Ridge,CR10,N,NA,NA,,NA,NA,NA
NA,Chancellor's Ridge,CR11,N,NA,NA,,NA,NA,NA
9/30/2025,Chancellor's Ridge,CR12,Y,Depression,Red maple,,9.7,O,Lantern Flies everywhere;
9/30/2025,Chancellor's Ridge,CR12,Y,Depression,Red maple,,5.5,M,Lantern Flies everywhere;
9/30/2025,Chancellor's Ridge,CR12,Y,Depression,Red maple,,9.4,O,Lantern Flies everywhere; 3 trunks all similar in size
9/30/2025,Chancellor's Ridge,CR12,Y,Depression,Red maple,,24.2,O,Lantern Flies everywhere; 2 trunks fused together
9/30/2025,Chancellor's Ridge,CR12,Y,Depression,Red maple,,8.2,M,Lantern Flies everywhere; 2 trunks
9/30/2025,Chancellor's Ridge,CR12,Y,Depression,Red maple,,16.2,O,Lantern Flies everywhere;
9/30/2025,Chancellor's Ridge,CR12,Y,Depression,Red maple,,9.4,M,Lantern Flies everywhere; appears dead
9/30/2025,Chancellor's Ridge,CR12,Y,Depression,Ailanthus,,8.6,O,Lantern Flies everywhere; appears dead
9/30/2025,Chancellor's Ridge,CR12,Y,Depression,Ailanthus,,11.4,O,Lantern Flies everywhere; Dead - 3 trunks
9/30/2025,Chancellor's Ridge,CR12,Y,Depression,Ailanthus,,10.2,O,Lantern Flies everywhere; Dying
9/30/2025,Chancellor's Ridge,CR12,Y,Midslope,White oak,,16.6,O,
9/19/2025,Chancellor's Ridge,CR2,Y,Flat,Black cherry,,11.6,O,In trail
9/19/2025,Chancellor's Ridge,CR2,Y,Flat,Blackhaw,,9.1,M,In trail
9/19/2025,Chancellor's Ridge,CR2,Y,Flat,Red maple,,5.5,U,In trail
9/19/2025,Chancellor's Ridge,CR2,Y,Flat,Hickory,,7.1,U,In trail
9/19/2025,Chancellor's Ridge,CR2,Y,Flat,Sassafras,,7.5,M,In trail
9/19/2025,Chancellor's Ridge,CR2,Y,Flat,Blackgum,,5.4,M,In trail
9/19/2025,Chancellor's Ridge,CR2,Y,Flat,Hickory,,6,M,In trail; 2nd stem - 5.5
9/19/2025,Chancellor's Ridge,CR2,Y,Flat,Hickory,,9.4,O,In trail
9/19/2025,Chancellor's Ridge,CR2,Y,Flat,Red oak,,23.9,O,In trail; dying
9/19/2025,Chancellor's Ridge,CR2,Y,Flat,Red oak,,16.3,O,In trail
9/19/2025,Chancellor's Ridge,CR3,Y,Unknown,Hickory,,24.5,O,
9/19/2025,Chancellor's Ridge,CR3,Y,Unknown,Black locust,,21.4,O,
9/19/2025,Chancellor's Ridge,CR3,Y,Unknown,Hickory,,5.5,M,
9/19/2025,Chancellor's Ridge,CR3,Y,Unknown,Hickory,,12.7,O,
9/19/2025,Chancellor's Ridge,CR3,Y,Unknown,Persimmon,,6,U,
9/30/2025,Chancellor's Ridge,CR4,Y,Midslope,Red maple,,5.4,U,
9/30/2025,Chancellor's Ridge,CR4,Y,Midslope,Tulip poplar,,36,O,
9/30/2025,Chancellor's Ridge,CR4,Y,Midslope,Hickory,,16.3,O,
9/30/2025,Chancellor's Ridge,CR4,Y,Midslope,Red maple,,13.9,M,Second trunk DBH: 7.3
9/30/2025,Chancellor's Ridge,CR4,Y,Midslope,Hickory,,12.9,O,
9/30/2025,Chancellor's Ridge,CR4,Y,Midslope,Tulip poplar,,6.9,M,
9/19/2025,Chancellor's Ridge,CR5,Y,Flat,Walnut,,22,O,Next to gate; Black walnut - est due to overgrowth
9/19/2025,Chancellor's Ridge,CR5,Y,Flat,Walnut,,18.4,O,Next to gate
9/19/2025,Chancellor's Ridge,CR6,Y,Midslope,Red maple,,7.9,M,"Lots of small sassafras, large oaks just outside of plot"
9/19/2025,Chancellor's Ridge,CR6,Y,Midslope,Tulip poplar,,21.9,O,"Lots of small sassafras, large oaks just outside of plot"
9/19/2025,Chancellor's Ridge,CR6,Y,Midslope,Blackgum,,5.3,M,"Lots of small sassafras, large oaks just outside of plot"
9/19/2025,Chancellor's Ridge,CR6,Y,Midslope,Blackgum,,5.2,M,"Lots of small sassafras, large oaks just outside of plot"
9/19/2025,Chancellor's Ridge,CR6,Y,Midslope,Tulip poplar,,24.8,O,"Lots of small sassafras, large oaks just outside of plot"
9/19/2025,Chancellor's Ridge,CR6,Y,Midslope,Red maple,,8.6,M,"Lots of small sassafras, large oaks just outside of plot"
NA,Chancellor's Ridge,CR7,N,NA,NA,,NA,NA,NA
NA,Chancellor's Ridge,CR8,N,NA,NA,,NA,NA,NA
NA,Chancellor's Ridge,CR9,N,NA,NA,,NA,NA,NA
8/28/2025,Fletchers Knob,FL1,Y,Flat,Hackberry,,7.5,U,
8/28/2025,Fletchers Knob,FL1,Y,Flat,Ailanthus,,10,O,
8/28/2025,Fletchers Knob,FL1,Y,Flat,Black cherry,,7.3,M,
8/28/2025,Fletchers Knob,FL1,Y,Flat,Mulberry,,17.3,U,Very deformed by vines/splitting above DBH
8/28/2025,Fletchers Knob,FL1,Y,Flat,Ailanthus,,15,O,
8/28/2025,Fletchers Knob,FL1,Y,Flat,Ailanthus,,20,O,
8/19/2025,Fletchers Knob ,FL10,Y,Flat,White oak,,11.3,O,
8/19/2025,Fletchers Knob,FL10,Y,Flat,Black oak,,24,O,
8/19/2025,Fletchers Knob,FL10,Y,Flat,Red oak,,5.9,M,
8/19/2025,Fletchers Knob,FL10,Y,Flat,Hickory,,6.1,M,Shagbark
8/19/2025,Fletchers Knob,FL10,Y,Flat,Ailanthus,,10.1,O,Split at base smaller side- 8.3
8/19/2025,Fletchers Knob,FL10,Y,Flat,Red maple,,11.9,O,
8/19/2025,Fletchers Knob,FL10,Y,Flat,Sassafras,,24,O,
8/19/2025,Fletchers Knob,FL10,Y,Flat,Hickory,,14.7,O,Shagbark
8/18/2025,Fletchers Knob,FL11,Y,Midslope,Tulip poplar,,8,O,
8/18/2025,Fletchers Knob,FL11,Y,Midslope,White oak,,12.2,O,
8/18/2025,Fletchers Knob,FL11,Y,Midslope,White oak,,9,O,
8/18/2025,Fletchers Knob,FL11,Y,Midslope,White oak,,8.5,O,
8/18/2025,Fletchers Knob,FL11,Y,Midslope,Black oak,,7.8,O,
8/18/2025,Fletchers Knob,FL11,Y,Midslope,Blackgum,,5.3,M,
8/19/2025,Fletchers Knob,FL2,Y,Midslope/flat,Hickory,,8.8,O,
8/19/2025,Fletchers Knob,FL2,Y,Midslope/flat,Black cherry,,16.9,O,Soon to be dead
8/19/2025,Fletchers Knob,FL2,Y,Midslope/flat,Black cherry,,18.6,O,
8/19/2025,Fletchers Knob,FL2,Y,Midslope/flat,Red maple,,13,O,
8/20/2025,Fletchers Knob,FL3,Y,Midslope,Red maple,,5.9,M,
8/20/2025,Fletchers Knob,FL3,Y,Midslope,Tulip poplar,,7.9,O,
8/20/2025,Fletchers Knob,FL3,Y,Midslope,Sweet birch,,10.3,O,
8/20/2025,Fletchers Knob,FL3,Y,Midslope,Red maple,,7.7,O,
8/20/2025,Fletchers Knob,FL3,Y,Midslope,Red maple,,7.9,O,
8/20/2025,Fletchers Knob,FL3,Y,Midslope,Tulip poplar,,11.9,O,
8/20/2025,Fletchers Knob,FL3,Y,Midslope,Tulip poplar,,9.7,O,
8/20/2025,Fletchers Knob,FL3,Y,Midslope,Red maple,,7.9,O,
8/20/2025,Fletchers Knob,FL3,Y,Midslope,Hickory,,>3,M,Shagbark
8/20/2025,Fletchers Knob,FL3,Y,Midslope,Boxelder,,4.9,M,
8/20/2025,Fletchers Knob,FL3,Y,Midslope,Red maple,,4.4,M,
8/20/2025,Fletchers Knob,FL3,Y,Midslope,Red maple,,4.7,M,
8/20/2025,Fletchers Knob,FL3,Y,Midslope,Hickory,,3.9,U,Dying?
8/18/2025,Fletchers Knob,FL4,Y,Midslope,Ailanthus,,5.6,U,Dying
8/18/2025,Fletchers Knob,FL4,Y,Midslope,Red maple,,8.1,M,
8/18/2025,Fletchers Knob,FL4,Y,Midslope,Ailanthus,,7.8,O,
8/18/2025,Fletchers Knob,FL4,Y,Midslope,Ailanthus,,5.6,M,
8/18/2025,Fletchers Knob,FL4,Y,Midslope,Ailanthus,,13,O,
8/18/2025,Fletchers Knob,FL4,Y,Midslope,Black cherry,,5.5,M,
8/18/2025,Fletchers Knob,FL4,Y,Midslope,Hickory,,13.7,O,
8/18/2025,Fletchers Knob,FL4,Y,Midslope,Hickory,,7.9,O,Split @ base
8/18/2025,Fletchers Knob,FL4,Y,Midslope,Black cherry,,14,O,
8/18/2025,Fletchers Knob,FL4,Y,Midslope,Hickory,,28,O,
7/30/2025,Fletchers Knob,FL5,Y,Midslope,Dogwood,,10,U,
7/30/2025,Fletchers Knob,FL5,Y,Midslope,Tulip poplar,,17.5,O,
7/30/2025,Fletchers Knob,FL5,Y,Midslope,Hickory,,9,M,
7/30/2025,Fletchers Knob,FL5,Y,Midslope,Unknown,,7.8,M,hawthorn??
NA,Fletchers Knob,FL6,N,NA,NA,,NA,NA,NA
NA,Fletchers Knob,FL7,N,NA,NA,,NA,NA,NA
8/18/2025,Fletchers Knob,FL8,Y,Midslope,Tulip poplar,,26,O,Est.DBH
8/18/2025,Fletchers Knob,FL8,Y,Midslope,Black cherry,,20,O,
8/18/2025,Fletchers Knob,FL8,Y,Midslope,Dogwood,,10,O,
8/18/2025,Fletchers Knob,FL8,Y,Midslope,Sassafras,,20,O,
8/28/2025,Fletchers Knob,FL9,Y,Midslope,Black cherry,,16,O,"Stiltgrass, bittersweet, multi-flora rose, ailanthus in understory - Estimated plot corners and DBHs."
8/28/2025,Fletchers Knob,FL9,Y,Midslope,Blackgum,,15,M,"Stiltgrass, bittersweet, multi-flora rose, ailanthus in understory - Estimated plot corners and DBHs."
8/28/2025,Fletchers Knob,FL9,Y,Midslope,Blackgum,,6,M,"Stiltgrass, bittersweet, multi-flora rose, ailanthus in understory - Estimated plot corners and DBHs."
8/28/2025,Fletchers Knob,FL9,Y,Midslope,Tulip poplar,,26,O,"Stiltgrass, bittersweet, multi-flora rose, ailanthus in understory - Estimated plot corners and DBHs."
8/28/2025,Fletchers Knob,FL9,Y,Midslope,Tulip poplar,,34,O,"Stiltgrass, bittersweet, multi-flora rose, ailanthus in understory - Estimated plot corners and DBHs."
8/28/2025,Fletchers Knob,FL9,Y,Midslope,Red maple,,10,M,"Stiltgrass, bittersweet, multi-flora rose, ailanthus in understory - Estimated plot corners and DBHs."
8/28/2025,Fletchers Knob,FL9,Y,Midslope,Red maple,,9,O,"Stiltgrass, bittersweet, multi-flora rose, ailanthus in understory - Estimated plot corners and DBHs."
7/29/2025,Fielding Mtn,FM1,Y,Midslope,Chestnut oak,,25,O,2-forked
7/29/2025,Fielding Mtn,FM1,Y,Midslope,White pine,,13,M,Midstory white pines Getting shaded out?
7/29/2025,Fielding Mtn,FM1,Y,Midslope,White pine,,9.9,O,
7/29/2025,Fielding Mtn,FM1,Y,Midslope,White pine,,8.1,M,Midstory white pines Getting shaded out?
7/29/2025,Fielding Mtn,FM1,Y,Midslope,White pine,,9.3,M,Midstory white pines Getting shaded out?
7/29/2025,Fielding Mtn,FM1,Y,Midslope,White pine,,5.7,M,Midstory white pines Getting shaded out?
7/29/2025,Fielding Mtn,FM1,Y,Midslope,Chestnut oak,,23.4,O,
7/29/2025,Fielding Mtn,FM1,Y,Midslope,White pine,,7.3,M,Midstory white pines Getting shaded out?
7/29/2025,Fielding Mtn,FM1,Y,Midslope,White pine,,9.1,M,Midstory white pines Getting shaded out?
7/29/2025,Fielding Mtn,FM1,Y,Midslope,White pine,,12.9,M,Midstory white pines Getting shaded out?
8/2/2025,Fielding Mtn,FM10,Y,Midslope,White oak,,9.5,O,
8/2/2025,Fielding Mtn,FM10,Y,Midslope,Chestnut oak,,20.9,O,Split trunk (measured larger stem)
8/2/2025,Fielding Mtn,FM10,Y,Midslope,Chestnut oak,,29.9,O,
8/2/2025,Fielding Mtn,FM10,Y,Midslope,Red maple,,6.7,M,
NA,Fielding Mtn,FM11,N,NA,NA,,NA,NA,NA
NA,Fielding Mtn,FM12,N,NA,NA,,NA,NA,NA
7/29/2025,Fielding Mtn,FM2,Y,Midslope,Tulip poplar,,26,O,Estimated all measurements (inaccessible due to vines)
7/29/2025,Fielding Mtn,FM2,Y,Midslope,Blackgum,,11,O,Estimated all measurements (inaccessible due to vines)
7/29/2025,Fielding Mtn,FM2,Y,Midslope,Hickory,,24,O,Estimated all measurements (inaccessible due to vines)
7/29/2025,Fielding Mtn,FM2,Y,Midslope,Blackgum,,22,O,Estimated all measurements (inaccessible due to vines)
7/29/2025,Fielding Mtn,FM3,Y,Valley Bottom,Tulip poplar,,20.1,O,
7/29/2025,Fielding Mtn,FM3,Y,Valley Bottom,Tulip poplar,,12.3,O,
7/29/2025,Fielding Mtn,FM3,Y,Valley Bottom,Tulip poplar,,17.3,O,
7/29/2025,Fielding Mtn,FM3,Y,Valley Bottom,Tulip poplar,,13.7,O,
7/29/2025,Fielding Mtn,FM3,Y,Valley Bottom,Tulip poplar,,15.8,O,
7/29/2025,Fielding Mtn,FM3,Y,Valley Bottom,Tulip poplar,,6.3,U,
7/29/2025,Fielding Mtn,FM3,Y,Valley Bottom,Tulip poplar,,21.1,O,
7/29/2025,Fielding Mtn,FM3,Y,Valley Bottom,Tulip poplar,,12.4,O,
8/2/2025,Fielding Mtn,FM3,Y,Depression,Red maple,,14.8,O,
8/2/2025,Fielding Mtn,FM3,Y,Depression,Red maple,,12.4,O,Est DBH (poison ivy)
8/2/2025,Fielding Mtn,FM3,Y,Depression,Red maple,,12.2,O,
8/2/2025,Fielding Mtn,FM3,Y,Depression,Red maple,,12.2,O,
8/2/2025,Fielding Mtn,FM3,Y,Depression,Red maple,,7.6,O,
8/2/2025,Fielding Mtn,FM3,Y,Depression,Red maple,,15.7,O,
8/2/2025,Fielding Mtn,FM3,Y,Depression,Red maple,,12.2,O,
7/29/2025,Fielding Mtn,FM4,Y,Midslope,Red maple,,5.9,M,
7/29/2025,Fielding Mtn,FM4,Y,Midslope,Chestnut oak,,31.3,O,
7/29/2025,Fielding Mtn,FM4,Y,Midslope,White pine,,6,M,
7/29/2025,Fielding Mtn,FM4,Y,Midslope,Chestnut oak,,26,O,
7/29/2025,Fielding Mtn,FM4,Y,Midslope,Tulip poplar,,24.2,O,
7/29/2025,Fielding Mtn,FM4,Y,Midslope,Hickory,,5.9,M,
7/29/2025,Fielding Mtn,FM4,Y,Midslope,Red maple,,5.7,M,
7/29/2025,Fielding Mtn,FM4,Y,Midslope,Hickory,,9.9,O,
7/29/2025,Fielding Mtn,FM5,Y,Midslope,Hickory,,19.3,O,Possible large-whorled pogonia observed
7/29/2025,Fielding Mtn,FM5,Y,Midslope,Hornbeam,,13.2,O,
7/29/2025,Fielding Mtn,FM6,Y,Midslope,White pine,,13.2,O,
7/29/2025,Fielding Mtn,FM6,Y,Midslope,Black oak,,13.9,O,
7/29/2025,Fielding Mtn,FM6,Y,Midslope,Chestnut oak,,6.8,M,
7/29/2025,Fielding Mtn,FM6,Y,Midslope,White pine,,5.9,U,
7/29/2025,Fielding Mtn,FM6,Y,Midslope,Black oak,,20.1,O,
7/30/2025,Fielding Mtn,FM7,Y,Midslope,Sweet birch,,16.3,O,
7/30/2025,Fielding Mtn,FM7,Y,Midslope,Chestnut oak,,17.9,O,
7/30/2025,Fielding Mtn,FM7,Y,Midslope,Chestnut oak,,26.4,O,
NA,Fielding Mtn,FM8,N,NA,NA,,NA,NA,NA
7/30/2025,Fielding Mtn,FM9,Y,Depression,Eastern hemlock,,7.9,M,
7/30/2025,Fielding Mtn,FM9,Y,Depression,Sweet birch,,<3,U,
7/30/2025,Fielding Mtn,FM9,Y,Depression,Sweet birch,,<3,U,
7/30/2025,Fielding Mtn,FM9,Y,Depression,Witch hazel,,<3,U,
7/30/2025,Fielding Mtn,FM9,Y,Depression,Hickory,,3.4,U,
7/30/2025,Fielding Mtn,FM9,Y,Depression,Sweet birch,,<3,U,
7/30/2025,Fielding Mtn,FM9,Y,Depression,Sweet birch,,<3,U,
7/30/2025,Fielding Mtn,FM9,Y,Depression,Ash,,<3,U,White ash?
7/30/2025,Fielding Mtn,FM9,Y,Depression,Sweet birch,,<3,U,
7/30/2025,Fielding Mtn,FM9,Y,Depression,Witch hazel,,<3,U,
7/30/2025,Fielding Mtn,FM9,Y,Depression,Witch hazel,,<3,U,
7/30/2025,Fielding Mtn,FM9,Y,Depression,Sweet birch,,<3,U,
7/30/2025,Fielding Mtn,FM9,Y,Depression,Hornbeam,,<3,U,
7/30/2025,Fielding Mtn,FM9,Y,Depression,Hornbeam,,<3,U,
7/30/2025,Fielding Mtn,FM9,Y,Depression,Sweet birch,,<3,U,
7/30/2025,Fielding Mtn,FM9,Y,Depression,Red maple,,<3,U,
7/30/2025,Fielding Mtn,FM9,Y,Depression,Witch hazel,,<3,U,
7/30/2025,Fielding Mtn,FM9,Y,Depression,Witch hazel,,<3,U,
7/30/2025,Fielding Mtn,FM9,Y,Depression,Sweet birch,,<3,U,
7/30/2025,Fielding Mtn,FM9,Y,Depression,Sweet birch,,<3,U,
7/30/2025,Fielding Mtn,FM9,Y,Depression,Witch hazel,,<3,U,
7/30/2025,Fielding Mtn,FM9,Y,Depression,Sweet birch,,<3,U,
7/30/2025,Fielding Mtn,FM9,Y,Depression,Witch hazel,,<3,U,
7/30/2025,Fielding Mtn,FM9,Y,Depression,Sweet birch,,<3,U,
7/30/2025,Fielding Mtn,FM9,Y,Depression,Witch hazel,,<3,U,
7/30/2025,Fielding Mtn,FM9,Y,Depression,Witch hazel,,<3,U,
7/30/2025,Fielding Mtn,FM9,Y,Depression,Blackgum,,<3,U,
NA,Grindstone Mtn,GS1,N,NA,NA,,NA,NA,NA
NA,Grindstone Mtn,GS2,N,NA,NA,,NA,NA,NA
10/1/2025,Grindstone Mtn,GS3,Y,Valley bottom/other,Red oak,,23,O,"Half of plot in old rd bed; Some deer rub; stiltgrass, bittersweet. Plot downslope from shortleaf-beech stand"
10/1/2025,Grindstone Mtn,GS3,Y,Valley bottom/other,Hickory,,5.5,M,"Half of plot in old rd bed; Some deer rub; stiltgrass, bittersweet. Plot downslope from shortleaf-beech stand"
10/1/2025,Grindstone Mtn,GS3,Y,Valley bottom/other,Red maple,,7,M,"Half of plot in old rd bed; Some deer rub; stiltgrass, bittersweet, Plot downslope from shortleaf-beech stand; Est. DBH"
10/1/2025,Grindstone Mtn,GS3,Y,Valley bottom/other,Red oak,,12,M,"Half of plot in old rd bed; Some deer rub; stiltgrass, bittersweet. Plot downslope from shortleaf-beech stand"
10/1/2025,Grindstone Mtn,GS3,Y,Valley bottom/other,Tulip poplar,,8.9,M,"Half of plot in old rd bed; Some deer rub; stiltgrass, bittersweet. Plot downslope from shortleaf-beech stand"
10/1/2025,Grindstone Mtn,GS3,Y,Valley bottom/other,Hickory,,11,M,"Half of plot in old rd bed; Some deer rub; stiltgrass, bittersweet. Plot downslope from shortleaf-beech stand"
10/1/2025,Grindstone Mtn,GS3,Y,Valley bottom/other,Red maple,,14,O/M,"Half of plot in old rd bed; Some deer rub; stiltgrass, bittersweet, Plot downslope from shortleaf-beech stand; Est. DBH"
10/1/2025,Grindstone Mtn,GS4,Y,Flat,Tulip poplar,,16.7,O,"Siltgrass, Autumn Olive, Heartleaf, Near GS peak"
10/1/2025,Grindstone Mtn,GS4,Y,Flat,Red maple,,8.7,M,"Siltgrass, Autumn Olive, Heartleaf, Near GS peak"
10/1/2025,Grindstone Mtn,GS4,Y,Flat,Tulip poplar,,21.2,O,"Siltgrass, Autumn Olive, Heartleaf, Near GS peak"
10/1/2025,Grindstone Mtn,GS4,Y,Flat,Tulip poplar,,12,O,"Siltgrass, Autumn Olive, Heartleaf, Near GS peak, Est. DBH (heavy briar)"
10/1/2025,Grindstone Mtn,GS4,Y,Flat,White pine,,12,M,"Siltgrass, Autumn Olive, Heartleaf, Near GS peak, Est. DBH (heavy briar)"
10/1/2025,Grindstone Mtn,GS4,Y,Flat,Tulip poplar,,15.7,O,"Siltgrass, Autumn Olive, Heartleaf, Near GS peak"
10/1/2025,Grindstone Mtn,GS4,Y,Flat,Tulip poplar,,23,O,"Siltgrass, Autumn Olive, Heartleaf, Near GS peak, Est. DBH (P.ivy)"
9/30/2025,Grindstone Mtn,GS5,Y,Midslope,Chestnut oak,,13.2,O,
9/30/2025,Grindstone Mtn,GS5,Y,Midslope,Chestnut oak,,14.6,O,
9/30/2025,Grindstone Mtn,GS5,Y,Midslope,Red oak,,17.6,M,
9/30/2025,Grindstone Mtn,GS5,Y,Midslope,Chestnut oak,,10.4,O,
9/30/2025,Grindstone Mtn,GS5,Y,Midslope,Tulip poplar,,20.9,O,
9/30/2025,Grindstone Mtn,GS5,Y,Midslope,Blackgum,,>3,U,
9/30/2025,Grindstone Mtn,GS5,Y,Midslope,Blackgum,,>3,U,
9/30/2025,Grindstone Mtn,GS5,Y,Midslope,Red maple,,>3,U,
9/30/2025,Grindstone Mtn,GS5,Y,Midslope,Blackgum,,>3,M,
10/1/2025,Grindstone Mtn,GS6,Y,Bench,Tulip poplar,,10.4,O,"bittersweet, autumn olive (outside shrub plot), heartleaf."
10/1/2025,Grindstone Mtn,GS6,Y,Bench,Chestnut oak,,9,O,"bittersweet, autumn olive (outside shrub plot), heartleaf."
10/1/2025,Grindstone Mtn,GS6,Y,Bench,Beech,,5.7,M/U,"bittersweet, autumn olive (outside shrub plot), heartleaf. Weird spongy mass off trunk (aphids??)"
10/1/2025,Grindstone Mtn,GS6,Y,Bench,Blackgum,,5,M,"bittersweet, autumn olive (outside shrub plot), heartleaf."
10/1/2025,Grindstone Mtn,GS6,Y,Bench,Sweet birch,,>3,M/U,"bittersweet, autumn olive (outside shrub plot), heartleaf."
10/1/2025,Grindstone Mtn,GS6,Y,Bench,Sweet birch,,>3,M,"bittersweet, autumn olive (outside shrub plot), heartleaf."
10/1/2025,Grindstone Mtn,GS6,Y,Bench,Blackgum,,>3,M,"bittersweet, autumn olive (outside shrub plot), heartleaf."
10/1/2025,Grindstone Mtn,GS6,Y,Bench,Sweet birch,,>3,M,"bittersweet, autumn olive (outside shrub plot), heartleaf. Dying."
10/1/2025,Grindstone Mtn,GS6,Y,Bench,Sweet birch,,>3,U,"bittersweet, autumn olive (outside shrub plot), heartleaf."
10/1/2025,Grindstone Mtn,GS6,Y,Bench,Hickory,,>3,M,"bittersweet, autumn olive (outside shrub plot), heartleaf."
NA,Grindstone Mtn,GS7,N,NA,NA,,NA,NA,NA
9/29/2025,Grindstone Mtn,GS8,Y,Midslope,Red maple,,12.8,O,"BitterSweet on some trees, Honey suckle, Multi Flora Rose"
9/29/2025,Grindstone Mtn,GS8,Y,Midslope,Red maple,,10.5,O,"BitterSweet on some trees, Honey suckle, Multi Flora Rose"
9/29/2025,Grindstone Mtn,GS8,Y,Midslope,Tulip poplar,,5.9,M,"BitterSweet on some trees, Honey suckle, Multi Flora Rose"
9/29/2025,Grindstone Mtn,GS8,Y,Midslope,Red oak,,17.9,O,"BitterSweet on some trees, Honey suckle, Multi Flora Rose"
9/29/2025,Grindstone Mtn,GS8,Y,Midslope,Red maple,,7,O,"BitterSweet on some trees, Honey suckle, Multi Flora Rose"
9/29/2025,Grindstone Mtn,GS8,Y,Midslope,Tulip poplar,,15.5,O,"BitterSweet on some trees, Honey suckle, Multi Flora Rose"
8/14/2025,Howell Woods ,HW1,Y,Flat,Tulip poplar,,10.2,O,
8/14/2025,Howell Woods ,HW1,Y,Flat,Black oak,,11.4,O,
8/14/2025,Howell Woods ,HW1,Y,Flat,Tulip poplar,,16.6,O,
8/14/2025,Howell Woods ,HW1,Y,Flat,Tulip poplar,,6.8,O,
8/14/2025,Howell Woods ,HW1,Y,Flat,Black oak,,22.7,O,
8/14/2025,Howell Woods ,HW10,Y,Midslope,Tulip poplar,,27.9,O,
8/14/2025,Howell Woods ,HW10,Y,Midslope,Hickory,,8.2,M,
8/14/2025,Howell Woods ,HW10,Y,Midslope,Sweet birch,,5.7,U,
8/14/2025,Howell Woods ,HW10,Y,Midslope,Sweet birch,,5.2,U,
8/14/2025,Howell Woods ,HW10,Y,Midslope,Sweet birch,,6.8,U,
8/14/2025,Howell Woods ,HW10,Y,Midslope,Sweet birch,,7.2,O,
8/14/2025,Howell Woods ,HW11,Y,Flat,Tulip poplar,,10.8,O,
8/14/2025,Howell Woods ,HW11,Y,Flat,Tulip poplar,,12,O,
8/14/2025,Howell Woods ,HW11,Y,Flat,Tulip poplar,,21.8,O,
8/14/2025,Howell Woods ,HW11,Y,Flat,White oak,,6.7,M,
8/14/2025,Howell Woods ,HW11,Y,Flat,Tulip poplar,,16.1,O,
8/14/2025,Howell Woods ,HW11,Y,Flat,Ailanthus,,6.9,M,
8/14/2025,Howell Woods ,HW11,Y,Flat,White oak,,7.8,O,
8/14/2025,Howell Woods ,HW12,Y,Flat,Hickory,,6.7,M,In old roadbed
8/14/2025,Howell Woods ,HW12,Y,Flat,Tulip poplar,,10.6,O,In old roadbed
8/14/2025,Howell Woods ,HW12,Y,Flat,Tulip poplar,,8.9,M,In old roadbed
8/14/2025,Howell Woods ,HW12,Y,Flat,Virginia pine,,6,M,In old roadbed
8/14/2025,Howell Woods ,HW12,Y,Flat,Tulip poplar,,5.1,U,In old roadbed
8/14/2025,Howell Woods ,HW12,Y,Flat,White oak,,8.6,M,In old roadbed
8/14/2025,Howell Woods ,HW12,Y,Flat,Hickory,,6.3,M,In old roadbed
8/14/2025,Howell Woods ,HW12,Y,Flat,Hickory,,11.7,O,In old roadbed
NA,Howell Woods ,HW2,N,NA,NA,,NA,NA,NA
8/14/2025,Howell Woods ,HW3,Y,Flat,Black locust,,5.3,M,
8/14/2025,Howell Woods ,HW3,Y,Flat,Tulip poplar,,17.6,O,Second trunk 10.3 DBH
8/14/2025,Howell Woods ,HW3,Y,Flat,Hickory,,24,O,Second trunk 9.2 DBH
8/14/2025,Howell Woods ,HW3,Y,Flat,Red maple,,6.8,O,
8/14/2025,Howell Woods ,HW4,Y,Flat,Tulip poplar,,14,O,
8/14/2025,Howell Woods ,HW4,Y,Flat,Red maple,,5.4,M,
8/14/2025,Howell Woods ,HW4,Y,Flat,Virginia pine,,10.1,M,Close to dead
8/14/2025,Howell Woods ,HW4,Y,Flat,Hickory,,15.1,O,
8/14/2025,Howell Woods ,HW4,Y,Flat,White oak,,5.2,M,Center of leaves have dying cells
8/14/2025,Howell Woods ,HW4,Y,Flat,White oak,,14.7,O,
NA,Howell Woods ,HW5,N,NA,NA,,NA,NA,NA
NA,Howell Woods ,HW6,N,NA,NA,,NA,NA,NA
8/14/2025,Howell Woods ,HW7,Y,Midslope,Blackgum,,10.7,M,
8/14/2025,Howell Woods ,HW7,Y,Midslope,Red maple,,9.1,O,
8/14/2025,Howell Woods ,HW7,Y,Midslope,White pine,,7,U,About dead
8/14/2025,Howell Woods ,HW7,Y,Midslope,Sweet birch,,13.3,O,
8/14/2025,Howell Woods ,HW7,Y,Midslope,Tulip poplar,,6.7,M,
8/14/2025,Howell Woods ,HW7,Y,Midslope,White oak,,24.4,O,
NA,Howell Woods ,HW8,N,NA,NA,,NA,NA,NA
8/14/2025,Howell Woods ,HW9,Y,Flat,Sweet birch,,5.5,M,Second trunk 4.8 DBH
8/14/2025,Howell Woods ,HW9,Y,Flat,Sweet birch,,5.3,M,
8/14/2025,Howell Woods ,HW9,Y,Flat,Tulip poplar,,6.7,O,
8/14/2025,Howell Woods ,HW9,Y,Flat,Tulip poplar,,5.7,O,
8/14/2025,Howell Woods ,HW9,Y,Flat,White oak,,25.1,O,
8/14/2025,Howell Woods ,HW9,Y,Flat,Tulip poplar,,19.9,O,
8/14/2025,Howell Woods ,HW9,Y,Flat,Tulip poplar,,12.1,O,
8/14/2025,Howell Woods ,HW9,Y,Flat,Tulip poplar,,16.7,O,
NA,Jobbers Mtn,JM1,N,NA,NA,,NA,NA,NA
9/10/2025,Jobbers Mtn,JM10,Y,Midslope,Tulip poplar,,29.6,O,"Est. plot and most DBH; heavy bittersweet, A.O., stiltgrass; split above DBH"
9/10/2025,Jobbers Mtn,JM10,Y,Midslope,Tulip poplar,,24,O,"Est. plot and most DBH; heavy bittersweet, A.O., stiltgrass; split above DBH"
9/10/2025,Jobbers Mtn,JM10,Y,Midslope,Tulip poplar,,15.8,O,"Est. plot and most DBH; heavy bittersweet, A.O., stiltgrass; split above DBH"
9/10/2025,Jobbers Mtn,JM10,Y,Midslope,Tulip poplar,,14.9,O,"Est. plot and most DBH; heavy bittersweet, A.O., stiltgrass; split above DBH"
9/10/2025,Jobbers Mtn,JM10,Y,Midslope,Tulip poplar,,5,M,"Est. plot and most DBH; heavy bittersweet, A.O., stiltgrass; split above DBH"
9/10/2025,Jobbers Mtn,JM10,Y,Midslope,Tulip poplar,,25,O,"Est. plot and most DBH; heavy bittersweet, A.O., stiltgrass; split above DBH"
9/10/2025,Jobbers Mtn,JM10,Y,Midslope,Tulip poplar,,16.1,O,"Est. plot and most DBH; heavy bittersweet, A.O., stiltgrass; split above DBH"
9/18/2025,Jobbers mtn,JM11,Y,Midslope,Tulip poplar,,20.9,O,"Bittersweet, Multi-flora rose; Est plot boundaries"
9/18/2025,Jobbers mtn,JM11,Y,Midslope,Tulip poplar,,19,O,"Bittersweet, Multi-flora rose; Est plot boundaries; Est DBH; Poison Ivy"
9/18/2025,Jobbers mtn,JM11,Y,Midslope,Tulip poplar,,20,O,"Bittersweet, Multi-flora rose; Est plot boundaries; Est DBH"
9/18/2025,Jobbers mtn,JM11,Y,Midslope,Tulip poplar,,11.9,O,"Bittersweet, Multi-flora rose; Est plot boundaries"
9/18/2025,Jobbers mtn,JM11,Y,Midslope,Tulip poplar,,10,M,"Bittersweet, Multi-flora rose; Est plot boundaries; Est DBH"
9/18/2025,Jobbers mtn,JM11,Y,Midslope,White pine,,7,M,"Bittersweet, Multi-flora rose; Est plot boundaries"
9/18/2025,Jobbers mtn,JM11,Y,Midslope,White pine,,8.6,M,"Bittersweet, Multi-flora rose; Est plot boundaries"
9/18/2025,Jobbers mtn,JM11,Y,Midslope,Tulip poplar,,9.5,U,"Bittersweet, Multi-flora rose; Est plot boundaries; Est DBH"
9/8/2025,Jobbers Mtn,JM12,Y,Midslope/flat,Sassafras,,14,O,"Split above DBH; Stiltgrass, bittersweet, multi-flora rose, mile-a-min; all trees vine-choked"
9/8/2025,Jobbers Mtn,JM12,Y,Midslope/flat,Tulip poplar,,24,O,"Split below DBH; Stiltgrass, bittersweet, multi-flora rose, mile-a-min; all trees vine-choked"
9/8/2025,Jobbers Mtn,JM12,Y,Midslope/flat,Ailanthus,,20,O,"Stiltgrass, bittersweet, multi-flora rose, mile-a-min; all trees vine-choked"
9/8/2025,Jobbers Mtn,JM12,Y,Midslope/flat,Ailanthus,,6,M,"Very bent into sun; Stiltgrass, bittersweet, multi-flora rose, mile-a-min; all trees vine-choked"
9/8/2025,Jobbers Mtn,JM13,Y,Terrace,Tulip poplar,,25,O,"Est (p. ivy), trunk injury; Old roadbed; stiltgrass, bittersweet"
9/8/2025,Jobbers Mtn,JM13,Y,Terrace,Tulip poplar,,23,O,"Est (p. ivy); Old roadbed; stiltgrass, bittersweet"
9/8/2025,Jobbers Mtn,JM13,Y,Terrace,Tulip poplar,,18,M,"Est (p. ivy); Old roadbed; stiltgrass, bittersweet"
9/8/2025,Jobbers Mtn,JM13,Y,Terrace,Tulip poplar,,22,O,"Old roadbed; stiltgrass, bittersweet"
9/8/2025,Jobbers Mtn,JM14,Y,Midslope,Hickory,,13.4,O,
9/8/2025,Jobbers Mtn,JM14,Y,Midslope,Blackgum,,11,O,
9/8/2025,Jobbers Mtn,JM14,Y,Midslope,Hickory,,12.5,O, 
9/8/2025,Jobbers Mtn,JM14,Y,Midslope,Hickory,,5.9,M/U,
9/8/2025,Jobbers Mtn,JM14,Y,Midslope,Hickory,,11.2,O,
9/8/2025,Jobbers Mtn,JM14,Y,Midslope,Hickory,,5.1,M/U,
9/8/2025,Jobbers Mtn,JM14,Y,Midslope,Hickory,,6.7,M,
NA,Jobbers Mtn,JM15,N,NA,NA,,NA,NA,NA
9/8/2025,Jobbers Mtn,JM16,Y,Ridge,Walnut,,17.7,O,Near Jobbers peak; Butternut?
9/8/2025,Jobbers Mtn,JM16,Y,Ridge,Redbud,,12,M,Near Jobbers peak; Huge redbud
9/8/2025,Jobbers Mtn,JM16,Y,Ridge,Green ash,,7.7,O,Near Jobbers peak; Borer damage evident
9/8/2025,Jobbers Mtn,JM16,Y,Ridge,Redbud,,7.2,M,Near Jobbers peak; 
9/8/2025,Jobbers Mtn,JM16,Y,Ridge,Hickory,,11.5,O,Near Jobbers peak; 
9/8/2025,Jobbers Mtn,JM16,Y,Ridge,Tulip poplar,,17.7,O,Near Jobbers peak; 
9/8/2025,Jobbers Mtn,JM16,Y,Ridge,Tulip poplar,,24.7,O/M,Near Jobbers peak; 2nd stem: <5
9/10/2025,Jobbers Mtn,JM17,Y,Midslope/Depression,Hickory,,8.1,O/M,Just above stream bend
9/10/2025,Jobbers Mtn,JM17,Y,Midslope/Depression,Tulip poplar,,20,O,Just above stream bend
9/10/2025,Jobbers Mtn,JM17,Y,Midslope/Depression,Sweet birch,,9.1,O/M,Just above stream bend
9/10/2025,Jobbers Mtn,JM17,Y,Midslope/Depression,Hickory,,8.5,O,Just above stream bend
9/10/2025,Jobbers Mtn,JM17,Y,Midslope/Depression,Tulip poplar,,16.1,O,Just above stream bend
9/10/2025,Jobbers Mtn,JM17,Y,Midslope/Depression,Hickory,,>3,U,Just above stream bend; broken trunk
9/10/2025,Jobbers Mtn,JM17,Y,Midslope/Depression,Sweet birch,,4.8,M,Just above stream bend
NA,Jobbers Mtn,JM18,N,NA,NA,,NA,NA,NA
9/8/2025,Jobbers Mtn,JM2,Y,Bench,Tulip poplar,,15,M,Above old road bed?; Broken trunk- 1 branch alive
9/8/2025,Jobbers Mtn,JM2,Y,Bench,Tulip poplar,,22,O,Above old road bed?; Est. (p. ivy)
9/8/2025,Jobbers Mtn,JM2,Y,Bench,Tulip poplar,,27,O,Above old road bed?
9/8/2025,Jobbers Mtn,JM2,Y,Bench,Tulip poplar,,5.2,M,Above old road bed?
9/8/2025,Jobbers Mtn,JM2,Y,Bench,Tulip poplar,,5.4,M,Above old road bed?; Same roots as ^?)
9/8/2025,Jobbers Mtn,JM2,Y,Bench,Tulip poplar,,6.1,M,Above old road bed?; Declining
9/8/2025,Jobbers Mtn,JM2,Y,Bench,Black cherry,,9.7,M,Above old road bed?; Meas. Smaller stem only (p. ivy); Second stem ~16
9/10/2025,Jobbers Mtn,JM3,Y,Midslope,Hickory,,19.1,O,Below old road bed
9/10/2025,Jobbers Mtn,JM3,Y,Midslope,Hickory,,6.3,M,Below old road bed
9/10/2025,Jobbers Mtn,JM3,Y,Midslope,Tulip poplar,,24.4,O,Below old road bed
9/10/2025,Jobbers Mtn,JM3,Y,Midslope,Red oak,,6.4,M,Below old road bed
9/10/2025,Jobbers Mtn,JM3,Y,Midslope,Hickory,,9.4,M,Below old road bed
9/10/2025,Jobbers Mtn,JM3,Y,Midslope,Hickory,,12.2,M,Below old road bed
9/10/2025,Jobbers Mtn,JM3,Y,Midslope,Hickory,,17.4,O,Below old road bed
9/10/2025,Jobbers Mtn,JM3,Y,Midslope,Hickory,,22.5,O,Below old road bed
9/10/2025,Jobbers Mtn,JM3,Y,Midslope,Red maple,,5.3,M,Below old road bed
9/10/2025,Jobbers Mtn,JM3,Y,Midslope,Striped maple,,>3,U,Below old road bed
9/10/2025,Jobbers Mtn,JM3,Y,Midslope,Striped maple,,>3,U,Below old road bed
9/10/2025,Jobbers Mtn,JM3,Y,Midslope,Striped maple,,>3,U,Below old road bed
9/10/2025,Jobbers Mtn,JM3,Y,Midslope,Striped maple,,4.4,U,Below old road bed
9/18/2025,Jobbers mtn,JM4,Y,Midslope,Chestnut oak,,32.3,O,
9/18/2025,Jobbers mtn,JM4,Y,Midslope,Chestnut oak,,22,O,
9/18/2025,Jobbers mtn,JM4,Y,Midslope,Chestnut oak,,17.6,O,
9/18/2025,Jobbers mtn,JM4,Y,Midslope,Chestnut oak,,9.1,M,
9/18/2025,Jobbers mtn,JM4,Y,Midslope,Tulip poplar,,11.3,O/M,
9/18/2025,Jobbers mtn,JM4,Y,Midslope,Sweet birch,,7.4,M,
9/18/2025,Jobbers mtn,JM4,Y,Midslope,Blackgum,,8,M,
NA,Jobbers mtn,JM5,N,NA,NA,,NA,NA,NA
9/18/2025,Jobbers mtn,JM6,Y,Flat,Black gum,,7.9,M,"stiltgrass, bittersweet, Multi-flora rose"
9/18/2025,Jobbers mtn,JM6,Y,Flat,Tulip poplar,,38,O,"Est DBH; Bittersweet, stiltgrass, Multi-flora rose"
9/18/2025,Jobbers mtn,JM6,Y,Flat,Tulip poplar,,34,O,"Est DBH; Bittersweet, stiltgrass, Multi-flora rose"
9/18/2025,Jobbers mtn,JM6,Y,Flat,Tulip poplar,,39,O,"Est DBH; Bittersweet, stiltgrass, Multi-flora rose"
9/18/2025,Jobbers mtn,JM6,Y,Flat,Tulip poplar,,36,O,"Est DBH; Bittersweet, stiltgrass, Multi-flora rose"
NA,Jobbers mtn,JM7,N,NA,NA,,NA,NA,NA
9/18/2025,Jobbers mtn,JM8,Y,Midslope,White oak,,5.6,M,Bittersweet;
9/18/2025,Jobbers mtn,JM8,Y,Midslope,Blackgum,,7.2,M,Bittersweet;
9/18/2025,Jobbers mtn,JM8,Y,Midslope,Blackgum,,5.3,U,Bittersweet; Est DBH; Poison Ivy
9/18/2025,Jobbers mtn,JM8,Y,Midslope,Hickory,,24,O,Bittersweet; Est DBH; Poison Ivy
9/18/2025,Jobbers mtn,JM8,Y,Midslope,Elm,,5.5,U,Bittersweet;
9/18/2025,Jobbers mtn,JM8,Y,Midslope,Blackgum,,8,M,Bittersweet; Est DBH; Poison Ivy
9/18/2025,Jobbers mtn,JM8,Y,Midslope,Northern red oak,,7,O,Bittersweet; Est DBH; Poison Ivy
9/18/2025,Jobbers mtn,JM8,Y,Midslope,Walnut,,25,O,"Bittersweet; Est DBH; Poison Ivy, rose bush"
9/18/2025,Jobbers mtn,JM8,Y,Midslope,Elm,,6,M,Bittersweet;
9/18/2025,Jobbers mtn,JM8,Y,Midslope,Elm,,8,O,Bittersweet; Est DBH; Poison Ivy
9/10/2025,Jobbers Mtn,JM9,Y,Terrace,Hickory,,6,M,"On old road bed; Bittersweet, stiltgrass; Hackberry accidentally included in shrub plot; Est. (very rocky)"
9/10/2025,Jobbers Mtn,JM9,Y,Terrace,Tulip poplar,,5.5,O,"On old road bed; Bittersweet, stiltgrass; Hackberry accidentally included in shrub plot;  Est. (very rocky)"
9/10/2025,Jobbers Mtn,JM9,Y,Terrace,Sweet birch,,7,O,"On old road bed; Bittersweet, stiltgrass; Hackberry accidentally included in shrub plot; Est. (very rocky)"
9/10/2025,Jobbers Mtn,JM9,Y,Terrace,Tulip poplar,,7.3,O,"On old road bed; Bittersweet, stiltgrass; Hackberry accidentally included in shrub plot; "
9/10/2025,Jobbers Mtn,JM9,Y,Terrace,Tulip poplar,,13.8,O,"On old road bed; Bittersweet, stiltgrass; Hackberry accidentally included in shrub plot; "
9/10/2025,Jobbers Mtn,JM9,Y,Terrace,Hickory,,9.2,O,"On old road bed; Bittersweet, stiltgrass; Hackberry accidentally included in shrub plot; "
9/10/2025,Jobbers Mtn,JM9,Y,Terrace,Tulip poplar,,5.8,M,"On old road bed; Bittersweet, stiltgrass; Hackberry accidentally included in shrub plot; "
9/10/2025,Jobbers Mtn,JM9,Y,Terrace,Tulip poplar,,7,M,"On old road bed; Bittersweet, stiltgrass; Hackberry accidentally included in shrub plot; Est. (very rocky)"
9/10/2025,Jobbers Mtn,JM9,Y,Terrace,Hickory,,5.5,M,"On old road bed; Bittersweet, stiltgrass; Hackberry accidentally included in shrub plot; Est. (very rocky)"
9/10/2025,Jobbers Mtn,JM9,Y,Terrace,Tulip poplar,,7,M,"On old road bed; Bittersweet, stiltgrass; Hackberry accidentally included in shrub plot; Est. (very rocky)"
NA,Poortown Mtn,PT1,N,NA,NA,,NA,NA,NA
NA,Poortown Mtn,PT2,N,NA,NA,,NA,NA,NA
8/20/2025,Poortown Mtn,PT3,Y,Midslope,Boxelder,,5.2,M,Broken canopy
8/20/2025,Poortown Mtn,PT3,Y,Midslope,Blackgum,,7.6,M,
8/20/2025,Poortown Mtn,PT3,Y,Midslope,Blackgum,,6.4,U,
8/20/2025,Poortown Mtn,PT3,Y,Midslope,Blackgum,,6.8,U,
8/20/2025,Poortown Mtn,PT4,Y,Midslope,Tulip poplar,,36,O,In field; Estimated plot
8/20/2025,Poortown Mtn,PT4,Y,Midslope,Hickory,,8.9,M,In field; Estimated plot
8/20/2025,Poortown Mtn,PT4,Y,Midslope,Ailanthus,,14.6,M,In field; Estimated plot
8/20/2025,Poortown Mtn,PT4,Y,Midslope,Hickory,,14,M,In field; Estimated plot
8/20/2025,Poortown Mtn,PT4,Y,Midslope,Mimosa,,8.4,U,In field; Estimated plot
8/20/2025,Poortown Mtn,PT4,Y,Midslope,Unknown,,5.4,U,In field; Sweet birch?
NA,Poortown Mtn,PT5,N,NA,NA,,NA,NA,NA
8/28/2025,Poortown Mtn,PT6,Y,Bench,Tulip poplar,,40,O,"Bittersweet, stiltgrass; Split just above DBH. Est DBH."
8/28/2025,Poortown Mtn,PT6,Y,Bench,Black cherry,,11.3,O,"Bittersweet, stiltgrass; "
8/28/2025,Poortown Mtn,PT6,Y,Bench,Ailanthus,,10,O,"Bittersweet, stiltgrass; "
8/28/2025,Poortown Mtn,PT6,Y,Bench,Ailanthus,,9,O,"Bittersweet, stiltgrass; "
NA,Poortown Mtn,PT7,N,NA,NA,,NA,NA,NA
NA,Poortown Mtn,PT8,N,NA,NA,,NA,NA,NA
8/20/2025,Poortown Mtn,PT9,Y,Midslope,Tulip poplar,,32,O,"In field; Half in field,Estimated"
8/20/2025,Poortown Mtn,PT9,Y,Midslope,Tulip poplar,,24,O,In field; Estimated plot
8/20/2025,Poortown Mtn,PT9,Y,Midslope,Black oak,,6.7,M,In field; Estimated plot
8/20/2025,Poortown Mtn,PT9,Y,Midslope,Black oak,,6.9,M,In field; Estimated plot
8/20/2025,Poortown Mtn,PT9,Y,Midslope,Dogwood,,4.7,U,In field; Estimated plot
8/20/2025,Poortown Mtn,PT9,Y,Midslope,Black oak,,8.9,O,In field; Estimated plot
8/20/2025,Poortown Mtn,PT9,Y,Midslope,Black cherry,,5.4,M,In field; Estimated plot
NA,Quaintance Woods,QW1,N,NA,NA,,NA,NA,NA
8/14/2025,Quaintance Woods,QW10,Y,Bench,Tulip poplar,,35,O/M,"BT,SG"
8/14/2025,Quaintance Woods,QW10,Y,Bench,Blackgum,,6.5,U,"BT,SG; Split below base"
8/14/2025,Quaintance Woods,QW10,Y,Bench,Post oak,,33,M,"BT,SG"
8/14/2025,Quaintance Woods,QW10,Y,Bench,Blackgum,,6.1,M,"BT,SG"
8/14/2025,Quaintance Woods,QW10,Y,Bench,Post oak,,14,M/U,"BT,SG"
8/14/2025,Quaintance Woods,QW10,Y,Bench,Ailanthus,,6,M,"BT,SG"
8/14/2025,Quaintance Woods,QW10,Y,Bench,Virginia pine,,8,O,"BT,SG"
8/14/2025,Quaintance Woods,QW10,Y,Bench,Post oak,,24,M,"BT,SG"
NA,Quaintance Woods,QW11,N,NA,NA,,NA,NA,NA
NA,Quaintance Woods,QW12,N,NA,NA,,NA,NA,NA
NA,Quaintance Woods,QW13,N,NA,NA,,NA,NA,NA
8/14/2025,Quaintance Woods,QW14,Y,Ridge/Midslope,White oak,,23,M,
8/14/2025,Quaintance Woods,QW14,Y,Ridge/Midslope,White oak,,25.9,O,
8/14/2025,Quaintance Woods,QW14,Y,Ridge/Midslope,White oak,,19.1,O,
8/14/2025,Quaintance Woods,QW14,Y,Ridge/Midslope,White oak,,19.1,O,
NA,Quaintance Woods,QW2,N,NA,NA,,NA,NA,NA
8/14/2025,Quaintance Woods,QW3,Y,Midslope,Hickory,,9,M/U,
8/14/2025,Quaintance Woods,QW3,Y,Midslope,Hickory,,12.4,M,
NA,Quaintance Woods,QW4,N,NA,NA,,NA,NA,NA
NA,Quaintance Woods,QW5,N,NA,NA,,NA,NA,NA
NA,Quaintance Woods,QW6,N,NA,NA,,NA,NA,NA
8/14/2025,Quaintance Woods,QW7,Y,Midslope,Tulip poplar,,22,O,"Stiltgrass, BT; Estimated DBH"
8/14/2025,Quaintance Woods,QW7,Y,Midslope,Tulip poplar,,15,M,"Stiltgrass,BT"
8/14/2025,Quaintance Woods,QW7,Y,Midslope,Ailanthus,,17,O,"Stiltgrass,BT"
8/14/2025,Quaintance Woods,QW7,Y,Midslope,Sweet birch,,11,M,"Stiltgrass,BT"
8/14/2025,Quaintance Woods,QW7,Y,Midslope,Tulip poplar,,26,O,"Stiltgrass,BT"
8/14/2025,Quaintance Woods,QW7,Y,Midslope,Tulip poplar,,26,O/M,"Stiltgrass,BT"
8/14/2025,Quaintance Woods,QW7,Y,Midslope,Tulip poplar,,32,O,"Stiltgrass,BT"
8/14/2025,Quaintance Woods,QW8,Y,Ridge/Midslope,Ailanthus,,16,O,"SG, Mile-a-min, Honeysuckle; Estimated DBH"
8/14/2025,Quaintance Woods,QW8,Y,Ridge/Midslope,Ailanthus,,8,O,"SG, Mile-a-min, Honeysuckle; Estimated DBH; Dying?"
8/14/2025,Quaintance Woods,QW8,Y,Ridge/Midslope,Ailanthus,,22,O,"SG, Mile-a-min, Honeysuckle; Estimated DBH; Split below base"
8/14/2025,Quaintance Woods,QW8,Y,Ridge/Midslope,Ailanthus,,20,O,"SG, Mile-a-min, Honeysuckle; Estimated DBH"
8/14/2025,Quaintance Woods,QW8,Y,Ridge/Midslope,Ailanthus,,19,O,"SG, Mile-a-min, Honeysuckle; Estimated DBH"
8/14/2025,Quaintance Woods,QW8,Y,Ridge/Midslope,Black walnut,,28,O,"SG, Mile-a-min, Honeysuckle; Estimated DBH"
8/14/2025,Quaintance Woods,QW8,Y,Ridge/Midslope,Ailanthus,,36,O,"SG, Mile-a-min, Honeysuckle; Estimated DBH; Worlds biggest Ailanthus"
8/14/2025,Quaintance Woods,QW9,Y,Midslope/bench,Post oak,,14,M,"BT,MFR,Stiltgrass"
8/14/2025,Quaintance Woods,QW9,Y,Midslope/bench,Post oak,,26.1,O,"BT,MFR,Stiltgrass"
8/14/2025,Quaintance Woods,QW9,Y,Midslope/bench,Hawthorn,,7,O,"BT,MFR,Stiltgrass"
8/14/2025,Quaintance Woods,QW9,Y,Midslope/bench,Red maple,,12.8,O,"BT,MFR,Stiltgrass"
8/14/2025,Quaintance Woods,QW9,Y,Midslope/bench,Black cherry,,11,O,"BT,MFR,Stiltgrass"
8/14/2025,Quaintance Woods,QW9,Y,Midslope/bench,Eastern redcedar,,5.8,M,"BT,MFR,Stiltgrass"
9/19/2025,Rodes Brown Knob,RK1,Y,Midslope,Black cherry,,11.7,M,Near trail; no trees in SE plot section; overgrown w vines
9/19/2025,Rodes Brown Knob,RK10,Y,Flat,Red maple,,12.8,M,
9/19/2025,Rodes Brown Knob,RK10,Y,Flat,Red maple,,7.6,M,
9/19/2025,Rodes Brown Knob,RK10,Y,Flat,Ailanthus,,7.1,M,
9/19/2025,Rodes Brown Knob,RK10,Y,Flat,Ailanthus,,34.5,O,
9/19/2025,Rodes Brown Knob,RK10,Y,Flat,Tulip poplar,,12.3,O,
9/19/2025,Rodes Brown Knob,RK11,Y,Midslope,Chestnut oak,,22.3,O,Lots of worms above ground
9/19/2025,Rodes Brown Knob,RK11,Y,Midslope,White oak,,10.1,M,
9/19/2025,Rodes Brown Knob,RK11,Y,Midslope,White oak,,11.6,O,
9/19/2025,Rodes Brown Knob,RK11,Y,Midslope,Hickory,,7.5,M,
9/19/2025,Rodes Brown Knob,RK11,Y,Midslope,Tulip poplar,,10.8,O,
9/19/2025,Rodes Brown Knob,RK11,Y,Midslope,White oak,,6.6,M,
9/19/2025,Rodes Brown Knob,RK12,Y,Flat,Eastern redcedar,,18.5,O,
9/19/2025,Rodes Brown Knob,RK12,Y,Flat,Black cherry,,21.3,O,
9/19/2025,Rodes Brown Knob,RK2,Y,Midslope,Blackgum,,10.3,U,
9/19/2025,Rodes Brown Knob,RK2,Y,Midslope,Tulip poplar,,24.4,O,
9/19/2025,Rodes Brown Knob,RK2,Y,Midslope,Tulip poplar,,32.8,O,
9/19/2025,Rodes Brown Knob,RK2,Y,Midslope,White oak,,8,M,
9/19/2025,Rodes Brown Knob,RK3,Y,Flat/depression,Walnut,,9.9,O,Partially in field; black walnut
9/19/2025,Rodes Brown Knob,RK3,Y,Flat/depression,Ailanthus,,8.1,M,Partially in field
9/19/2025,Rodes Brown Knob,RK3,Y,Flat/depression,Walnut,,6.9,M,Partially in field; black walnut
9/12/2025,Rodes Brown Knob,RK4,Y,Midslope,Shagwood hickory,,23.6,O,
9/12/2025,Rodes Brown Knob,RK4,Y,Midslope,Tulip poplar,,6.5,M,
9/12/2025,Rodes Brown Knob,RK4,Y,Midslope,Shagwood hickory,,6.3,U,
9/12/2025,Rodes Brown Knob,RK4,Y,Midslope,Red maple,,18.1,O,
9/12/2025,Rodes Brown Knob,RK4,Y,Midslope,Red maple,,17.7,O,
9/12/2025,Rodes Brown Knob,RK4,Y,Midslope,Hickory,,7,M,
9/12/2025,Rodes Brown Knob,RK4,Y,Midslope,Hickory,,13.7,O,
9/12/2025,Rodes Brown Knob,RK4,Y,Midslope,Hickory,,11.5,U,
9/12/2025,Rodes Brown Knob,RK4,Y,Midslope,Hickory,,5.4,O,
9/12/2025,Rodes Brown Knob,RK5,Y,Midslope,White oak,,11.4,U,
9/12/2025,Rodes Brown Knob,RK5,Y,Midslope,Tulip poplar,,21.1,O,
9/12/2025,Rodes Brown Knob,RK5,Y,Midslope,Black gum,,5.7,U,
9/12/2025,Rodes Brown Knob,RK5,Y,Midslope,White oak,,10.4,O,
9/12/2025,Rodes Brown Knob,RK5,Y,Midslope,Northern red oak,,6.8,M,
9/12/2025,Rodes Brown Knob,RK5,Y,Midslope,Black gum,,5.2,U,
9/12/2025,Rodes Brown Knob,RK5,Y,Midslope,Tulip poplar,,24.6,O,
9/12/2025,Rodes Brown Knob,RK5,Y,Midslope,Black walnut,,9.8,M,
9/12/2025,Rodes Brown Knob,RK6,Y,Midslope,Virginia pine,,12,O,Almost dead
9/12/2025,Rodes Brown Knob,RK6,Y,Midslope,Red maple,,5.1,M,
9/12/2025,Rodes Brown Knob,RK6,Y,Midslope,Red maple,,9.5,M,
9/12/2025,Rodes Brown Knob,RK6,Y,Midslope,Black oak,,9.4,O,
9/12/2025,Rodes Brown Knob,RK6,Y,Midslope,Black oak,,7.2,M,
9/12/2025,Rodes Brown Knob,RK6,Y,Midslope,Black oak,,10.7,O,
NA,Rodes Brown Knob,RK7,N,NA,NA,,NA,NA,NA
NA,Rodes Brown Knob,RK8,N,NA,NA,,NA,NA,NA
9/12/2025,Rodes Brown Knob,RK9,Y,Midslope,Red maple,,16.2,O,Hard soil; diverse ground growth
9/12/2025,Rodes Brown Knob,RK9,Y,Midslope,Tulip poplar,,24.8,O,Hard soil; diverse ground growth
9/12/2025,Rodes Brown Knob,RK9,Y,Midslope,Tulip poplar,,19.1,O,Hard soil; diverse ground growth
9/12/2025,Rodes Brown Knob,RK9,Y,Midslope,Tulip poplar,,20.1,O,Hard soil; diverse ground growth; Second trunk DBH: 13.4
NA,Rosser Mtn,RMH1,N,NA,NA,,NA,NA,NA
7/21/2025,Rosser Mtn,RMH10,Y,Midslope,Hickory,,20,O,
7/21/2025,Rosser Mtn,RMH10,Y,Midslope,Hickory,,12,M,
7/21/2025,Rosser Mtn,RMH10,Y,Midslope,  ,,8.2,M,Sweet cherry?
7/21/2025,Rosser Mtn,RMH10,Y,Midslope,Tulip poplar,,36,O,
7/21/2025,Rosser Mtn,RMH10,Y,Midslope,Hickory,,25,O,
7/28/2025,Rosser Mtn,RMH2,Y,Midslope,Red maple,,18,O,"In field,lots of vines"
7/28/2025,Rosser Mtn,RMH2,Y,Midslope,Princess tree,,14,O,"In field,lots of vines"
7/28/2025,Rosser Mtn,RMH2,Y,Midslope,Red maple,,16,O,"In field,lots of vines"
7/28/2025,Rosser Mtn,RMH2,Y,Midslope,Black oak,,14,M,"In field,lots of vines"
7/28/2025,Rosser Mtn,RMH2,Y,Midslope,Tulip poplar,,7,M,"In field,lots of vines"
7/28/2025,Rosser Mtn,RMH2,Y,Midslope,Hickory,,9,M,"In field,lots of vines"
7/28/2025,Rosser Mtn,RMH2,Y,Midslope,Sassafrass,,6,M,"In field,lots of vines"
NA,Rosser Mtn,RMH3,N,NA,NA,,NA,NA,NA
7/22/2025,Rosser Mtn,RMH4,Y,Midslope,White oak,,24.1,O,
7/22/2025,Rosser Mtn,RMH4,Y,Midslope,Hickory,,7.2,O,
7/22/2025,Rosser Mtn,RMH4,Y,Midslope,Hickory,,6.2,U,
7/22/2025,Rosser Mtn,RMH4,Y,Midslope,Chestnut oak,,23,O,
7/22/2025,Rosser Mtn,RMH4,Y,Midslope,Hickory,,12,O,
7/22/2025,Rosser Mtn,RMH4,Y,Midslope,Unknown,,11,O,
7/22/2025,Rosser Mtn,RMH4,Y,Midslope,Hickory,,7,M,
NA,Rosser Mtn,RMH5,N,NA,NA,,NA,NA,NA
NA,Rosser Mtn,RMH6,N,NA,NA,,NA,NA,NA
NA,Rosser Mtn,RMH7,N,NA,NA,,NA,NA,NA
7/21/2025,Rosser Mtn,RMH8,Y,Midslope,Hickory,,6,O,Poison ivy
7/21/2025,Rosser Mtn,RMH8,Y,Midslope,Black oak,,21.9,O,Poison ivy
7/21/2025,Rosser Mtn,RMH8,Y,Midslope,Tulip poplar,,17,O,
7/21/2025,Rosser Mtn,RMH8,Y,Midslope,Hickory,,5.2,M,
7/21/2025,Rosser Mtn,RMH8,Y,Midslope,Red maple,,6.3,M,
7/22/2025,Rosser Mtn,RMH9,Y,Flat,Tulip poplar,,19.7,O,
7/22/2025,Rosser Mtn,RMH9,Y,Flat,Tulip poplar,,14.9,O,
7/22/2025,Rosser Mtn,RMH9,Y,Flat,Tulip poplar,,22.9,O,
7/22/2025,Rosser Mtn,RMH9,Y,Flat,Red maple,,7.6,O,
7/22/2025,Rosser Mtn,RMH9,Y,Flat,Red maple,,5.4,M,
7/28/2025,Rosser Mtn,RMM1,Y,Midslope,Hackberry,,17.5,M,
7/28/2025,Rosser Mtn,RMM1,Y,Midslope,Sycamore,,34.7,O,
7/28/2025,Rosser Mtn,RMM1,Y,Midslope,Tulip poplar,,40,O,
7/22/2025,Rosser Mtn,RMM10,Y,Midslope,Red maple,,9.5,O,
7/22/2025,Rosser Mtn,RMM10,Y,Midslope,Red maple,,7.2,O,
7/22/2025,Rosser Mtn,RMM10,Y,Midslope,Black oak,,21.4,O,
7/22/2025,Rosser Mtn,RMM10,Y,Midslope,White pine,,25.8,O,
7/22/2025,Rosser Mtn,RMM10,Y,Midslope,Red maple,,5,M,
NA,Rosser Mtn,RMM2,N,NA,NA,,NA,NA,NA
7/22/2025,Rosser Mtn,RMM3,Y,Midslope,Black oak,,20.7,O,
7/22/2025,Rosser Mtn,RMM3,Y,Midslope,White pine,,6.5,M,
7/22/2025,Rosser Mtn,RMM3,Y,Midslope,Chestnut oak,,18.2,O,
7/22/2025,Rosser Mtn,RMM3,Y,Midslope,Hickory,,8.7,M,
7/22/2025,Rosser Mtn,RMM3,Y,Midslope,Hickory,,8.4,O,
NA,Rosser Mtn,RMM4,N,NA,NA,,NA,NA,NA
NA,Rosser Mtn,RMM5,N,NA,NA,,NA,NA,NA
7/22/2025,Rosser Mtn,RMM6,Y,Midslope,Chestnut oak,,9,M,
7/22/2025,Rosser Mtn,RMM6,Y,Midslope,Chestnut oak,,9.9,O,
7/22/2025,Rosser Mtn,RMM6,Y,Midslope,Black oak,,23.9,O,
7/22/2025,Rosser Mtn,RMM6,Y,Midslope,Chestnut oak,,5.4,U,
7/22/2025,Rosser Mtn,RMM6,Y,Midslope,Chestnut oak,,14.9,O,
NA,Rosser Mtn,RMM7,N,NA,NA,,NA,NA,NA
7/22/2025,Rosser Mtn,RMM8,Y,Midslope,Sweet birch,,6.2,M,
7/22/2025,Rosser Mtn,RMM8,Y,Midslope,Black oak,,6.5,M,
NA,Rosser Mtn,RMM9,N,NA,NA,,NA,NA,NA
7/23/2025,Slaughter Mtn,SL1,Y,Midslope,Ailanthus,,7.6,M,"Heavy invasives-Stiltgrass,bittersweet,Honeysuckle,Barberry"
7/23/2025,Slaughter Mtn,SL1,Y,Midslope,Tulip poplar,,9.3,M,"Heavy invasives-Stiltgrass,bittersweet,Honeysuckle,Barberry"
7/23/2025,Slaughter Mtn,SL1,Y,Midslope,Tulip poplar,,6.8,M,"Heavy invasives-Stiltgrass,bittersweet,Honeysuckle,Barberry"
7/23/2025,Slaughter Mtn,SL1,Y,Midslope,Tulip poplar,,9,M,"Heavy invasives-Stiltgrass,bittersweet,Honeysuckle,Barberry"
7/23/2025,Slaughter Mtn,SL1,Y,Midslope,Tulip poplar,,11.8,O,"Heavy invasives-Stiltgrass,bittersweet,Honeysuckle,Barberry"
NA,Slaughter Mtn,SL10,N,NA,NA,,NA,NA,NA
NA,Slaughter Mtn,SL11,N,NA,NA,,NA,NA,NA
7/28/2025,Slaughter Mtn,SL12,Y,Midslope,Sweet birch,,6.8,M,
7/28/2025,Slaughter Mtn,SL12,Y,Midslope,Black oak,,26.3,O,
7/28/2025,Slaughter Mtn,SL12,Y,Midslope,Sweet birch,,11.1,M,
7/28/2025,Slaughter Mtn,SL12,Y,Midslope,Sweet birch,,7.7,M,
7/28/2025,Slaughter Mtn,SL12,Y,Midslope,Red maple,,5.1,U,
7/28/2025,Slaughter Mtn,SL12,Y,Midslope,Tulip poplar,,24.2,O,
NA,Slaughter Mtn,SL13,N,NA,NA,,NA,NA,NA
7/23/2025,Slaughter Mtn,SL2,Y,Midslope,Red oak,,21.8,O,
7/23/2025,Slaughter Mtn,SL2,Y,Midslope,Chestnut oak,,21,O,
7/23/2025,Slaughter Mtn,SL2,Y,Midslope,Sweet birch,,9.3,M,
7/23/2025,Slaughter Mtn,SL2,Y,Midslope,Sweet birch,,12.2,O,
7/23/2025,Slaughter Mtn,SL2,Y,Midslope,Sweet birch,,6.2,U,
7/23/2025,Slaughter Mtn,SL3,Y,Midslope,Blackgum,,12.4,M,
7/23/2025,Slaughter Mtn,SL3,Y,Midslope,White oak,,13.7,O,
7/23/2025,Slaughter Mtn,SL3,Y,Midslope,Blackgum,,10.3,M,
7/23/2025,Slaughter Mtn,SL3,Y,Midslope,White oak,,16.8,O,
7/23/2025,Slaughter Mtn,SL3,Y,Midslope,Hickory,,14.1,M,
7/23/2025,Slaughter Mtn,SL3,Y,Midslope,Blackgum,,9.1,M,
7/23/2025,Slaughter Mtn,SL3,Y,Midslope,Tulip poplar,,22.9,O,Dying?
7/23/2025,Slaughter Mtn,SL3,Y,Midslope,Red maple,,7.9,M,
7/23/2025,Slaughter Mtn,SL4,Y,Midslope,Tulip poplar,,22.8,O,
7/23/2025,Slaughter Mtn,SL4,Y,Midslope,Chestnut oak,,9.1,M,
7/23/2025,Slaughter Mtn,SL4,Y,Midslope,Blackgum,,16.1,O,
7/23/2025,Slaughter Mtn,SL4,Y,Midslope,Sweet birch,,9.2,M,
7/23/2025,Slaughter Mtn,SL4,Y,Midslope,Sweet birch,,7.9,M,
7/23/2025,Slaughter Mtn,SL4,Y,Midslope,Sweet birch,,8.2,O,
7/23/2025,Slaughter Mtn,SL4,Y,Midslope,Black oak,,21.8,O,
7/23/2025,Slaughter Mtn,SL4,Y,Midslope,Black oak,,28.1,O,
7/23/2025,Slaughter Mtn,SL4,Y,Midslope,Sweet birch,,5.1,U,
7/23/2025,Slaughter Mtn,SL4,Y,Midslope,Chestnut oak,,6.5,M,
7/23/2025,Slaughter Mtn,SL5,Y,Midslope,Blackgum,,6.3,M,
7/23/2025,Slaughter Mtn,SL5,Y,Midslope,Sweet birch,,5,M,
7/23/2025,Slaughter Mtn,SL5,Y,Midslope,Tulip poplar,,16,O,
7/23/2025,Slaughter Mtn,SL5,Y,Midslope,Red oak,,34,M,Crazy Tree!
7/23/2025,Slaughter Mtn,SL5,Y,Midslope,Chestnut oak,,26.6,O,
7/23/2025,Slaughter Mtn,SL5,Y,Midslope,Sweet birch,,14.6,M,
7/23/2025,Slaughter Mtn,SL6,Y,MIdslope,Tulip poplar,,25.7,O,
7/23/2025,Slaughter Mtn,SL6,Y,Midslope,Red maple,,14.2,M,
7/23/2025,Slaughter Mtn,SL6,Y,Midslope,Tulip poplar,,24.7,O,
7/23/2025,Slaughter Mtn,SL6,Y,Midslope,Tulip poplar,,19,O,
7/23/2025,Slaughter Mtn,SL6,Y,Midslope,Red maple,,8.4,M,
7/23/2025,Slaughter Mtn,SL6,Y,Midslope,Tulip poplar,,7.2,M,
7/23/2025,Slaughter Mtn,SL6,Y,Midslope,Red maple,,10.6,M,
NA,Slaughter Mtn,SL7,N,NA,NA,,NA,NA,NA
7/28/2025,Slaughter Mtn,SL8,Y,Midslope,Tulip poplar,,17.6,O,
7/28/2025,Slaughter Mtn,SL8,Y,Midslope,Tulip poplar,,22,O,
7/28/2025,Slaughter Mtn,SL8,Y,Midslope,Tulip poplar,,18.7,O,
7/28/2025,Slaughter Mtn,SL8,Y,Midslope,Maple spp.,,10.7,M,
7/28/2025,Slaughter Mtn,SL9,Y,Midslope,Black walnut,,14,O,Estimated DBH
7/28/2025,Slaughter Mtn,SL9,Y,Midslope,Black walnut,,13,M,Estimated DBH
7/28/2025,Slaughter Mtn,SL9,Y,Midslope,Tulip poplar,,30,O,Estimated DBH
NA,Schoolhouse Mtn,SM1,N,NA,NA,,NA,NA,NA
NA,Schoolhouse Mtn,SM10,N,NA,NA,,NA,NA,NA
NA,Schoolhouse Mtn,SM11,N,NA,NA,,NA,NA,NA
NA,Schoolhouse Mtn,SM12,N,NA,NA,,NA,NA,NA
9/4/2025,Schoolhouse Mtn,SM13,Y,Midslope,Tulip poplar,,28,O,"Est DBH; multi-flora rose, bittersweet; coralberry outside plot"
9/4/2025,Schoolhouse Mtn,SM13,Y,Midslope,Tulip poplar,,7.1,O,"Multi-flora rose, bittersweet; coralberry outside plot"
9/4/2025,Schoolhouse Mtn,SM13,Y,Midslope,Tulip poplar,,16,M,"Est DBH; multi-flora rose, bittersweet; coralberry outside plot"
9/4/2025,Schoolhouse Mtn,SM13,Y,Midslope,Tulip poplar,,16.8,O,"Multi-flora rose, bittersweet; coralberry outside plot"
9/4/2025,Schoolhouse Mtn,SM13,Y,Midslope,Red maple,,9.4,M,"Multi-flora rose, bittersweet; coralberry outside plot"
9/4/2025,Schoolhouse Mtn,SM14,Y,Bench,Hickory,,11.4,O,"Bear scat; princess pine, St. john's wort, hemlock regen"
9/4/2025,Schoolhouse Mtn,SM14,Y,Bench,Red oak,,5.3,M,"Bear scat; princess pine, St. john's wort, hemlock regen"
9/4/2025,Schoolhouse Mtn,SM14,Y,Bench,Red oak,,21.5,O,"Bear scat; princess pine, St. john's wort, hemlock regen"
9/4/2025,Schoolhouse Mtn,SM14,Y,Bench,Chestnut oak,,16.5,O,"Bear scat; princess pine, St. john's wort, hemlock regen"
9/4/2025,Schoolhouse Mtn,SM14,Y,Bench,Black oak,,20.2,O,"Bear scat; princess pine, St. john's wort, hemlock regen"
9/2/2025,Schoolhouse Mtn,SM15,Y,Midslope,Tulip poplar,,16,O/M,Split below DBH; Est. plot and all DBH: v thick AO/spicebush
9/2/2025,Schoolhouse Mtn,SM15,Y,Midslope,Black oak,,>3,U,Est. plot and all DBH: v thick AO/spicebush
9/2/2025,Schoolhouse Mtn,SM15,Y,Midslope,Tulip poplar,,>3,U,Getting strangled by BT; Est. plot and all DBH: v thick AO/spicebush
9/4/2025,Schoolhouse Mtn,SM2,Y,Terrace/flat/depression,Red maple,,20,M,"Bittersweet, multi-flora rose; estimated plot & all DBH"
9/4/2025,Schoolhouse Mtn,SM2,Y,Terrace/flat/depression,Blackgum,,13,M,"Bittersweet, multi-flora rose; estimated plot & all DBH"
NA,Schoolhouse Mtn,SM3,N,NA,NA,,NA,NA,NA
NA,Schoolhouse Mtn,SM4,N,NA,NA,,NA,NA,NA
9/2/2025,Schoolhouse Mtn,SM5,Y,Midslope,Tulip poplar,,28.5,O,"Near to powerline cut, next to rock pile; stiltgrass, bittersweet, striped maple"
9/2/2025,Schoolhouse Mtn,SM5,Y,Midslope,Red maple,,10.6,O,"Near to powerline cut, next to rock pile; stiltgrass, bittersweet, striped maple"
9/2/2025,Schoolhouse Mtn,SM5,Y,Midslope,Red maple,,11.5,O,"Near to powerline cut, next to rock pile; stiltgrass, bittersweet, striped maple"
9/2/2025,Schoolhouse Mtn,SM5,Y,Midslope,Tulip poplar,,27.4,O,"Near to powerline cut, next to rock pile; stiltgrass, bittersweet, striped maple"
9/2/2025,Schoolhouse Mtn,SM5,Y,Midslope,Tulip poplar,,7.9,M,"Near to powerline cut, next to rock pile; stiltgrass, bittersweet, striped maple"
9/2/2025,Schoolhouse Mtn,SM5,Y,Midslope,Blackgum,,6.2,M,"Near to powerline cut, next to rock pile; stiltgrass, bittersweet, striped maple"
9/2/2025,Schoolhouse Mtn,SM5,Y,Midslope,Blackgum,,8.4,M,"Near to powerline cut, next to rock pile; stiltgrass, bittersweet, striped maple"
8/20/2025,Schoolhouse Mtn ,SM6,Y,Midslope/Valley Bottom,Red maple,,11.8,O,"Mossy,ferns,next to creek"
8/20/2025,Schoolhouse Mtn,SM6,Y,Midslope/Valley Bottom,Red maple,,18.3,O,"16.1 from 2nd trunk,poison ivy"
8/20/2025,Schoolhouse Mtn,SM6,Y,Midslope/Valley Bottom,Red maple,,20.5,O,Poison ivy
8/20/2025,Schoolhouse Mtn,SM6,Y,Midslope/Valley Bottom,Red maple,,27,O,
8/20/2025,Schoolhouse Mtn,SM6,Y,Midslope/Valley Bottom,Tulip poplar,,8.1,O,
8/20/2025,Schoolhouse Mtn,SM6,Y,Midslope/Valley Bottom,Red maple,,16.4,O,Poison ivy
8/20/2025,Schoolhouse Mtn,SM6,Y,Midslope/Valley Bottom,Striped maple,,20.5,O,
9/2/2025,Schoolhouse Mtn,SM7,Y,Flat,Ailanthus,,5.5,M,"Stiltgrass, wavyleaf basketgrass, lots of grapevine"
9/2/2025,Schoolhouse Mtn,SM7,Y,Flat,Tulip poplar,,17.9,O/M,"Stiltgrass, wavyleaf basketgrass, lots of grapevine"
9/2/2025,Schoolhouse Mtn,SM7,Y,Flat,Walnut,,11.4,O,"Butternut?; Stiltgrass, wavyleaf basketgrass, lots of grapevine"
9/2/2025,Schoolhouse Mtn,SM7,Y,Flat,Walnut,,8.5,M,"Butternut?; Stiltgrass, wavyleaf basketgrass, lots of grapevine"
9/2/2025,Schoolhouse Mtn,SM7,Y,Flat,Tulip poplar,,17,O,"Stiltgrass, wavyleaf basketgrass, lots of grapevine"
9/2/2025,Schoolhouse Mtn,SM7,Y,Flat,Tulip poplar,,7.1,M,"Stiltgrass, wavyleaf basketgrass, lots of grapevine"
NA,Schoolhouse Mtn,SM8,N,NA,NA,,NA,NA,NA
9/9/2025,Schoolhouse Mtn,SM9,Y,Bench,Sweet birch,,8.8,O,Bittersweet
9/9/2025,Schoolhouse Mtn,SM9,Y,Bench,Red oak,,6.1,O,Bittersweet
9/9/2025,Schoolhouse Mtn,SM9,Y,Bench,Tulip poplar,,17.6,O,Bittersweet
9/9/2025,Schoolhouse Mtn,SM9,Y,Bench,Sweet birch,,>3,M,Bittersweet
9/9/2025,Schoolhouse Mtn,SM9,Y,Bench,Red maple,,>3,M,Bittersweet
9/9/2025,Schoolhouse Mtn,SM9,Y,Bench,Sweet birch,,>3,M,Bittersweet
9/9/2025,Schoolhouse Mtn,SM9,Y,Bench,Striped maple,,>3,U,Bittersweet
8/12/2025,Schoolhouse Mtn Hawlin,SMH1,Y,Depression,White oak,,23.9,O,"Grazed, on field road; ~50% stiltgrass cover. Bittersweet. Blackhaw?"
8/12/2025,Schoolhouse Mtn Hawlin,SMH1,Y,Depression,Post oak,,12.5,U,"Leaning; Grazed, on field road; ~50% stiltgrass cover. Bittersweet. Blackhaw?"
NA,Schoolhouse Mtn Hawlin,SMH10,N,NA,NA,,NA,NA,NA
8/12/2025,Schoolhouse Mtn Hawlin,SMH2,Y,Bench,Red oak,,14.1,O,"Grazed; Stiltgrass/Japanese honeysuckle/Barberry (outside plot), perilla mint"
8/12/2025,Schoolhouse Mtn Hawlin,SMH2,Y,Bench,Red maple,,17,O,"Grazed; Stiltgrass/Japanese honeysuckle/Barberry (outside plot), perilla mint"
8/12/2025,Schoolhouse Mtn Hawlin,SMH2,Y,Bench,White oak,,14.2,O,"Grazed; Stiltgrass/Japanese honeysuckle/Barberry (outside plot), perilla mint"
8/12/2025,Schoolhouse Mtn Hawlin,SMH2,Y,Bench,Blackgum,,15.5,O,"Grazed; Stiltgrass/Japanese honeysuckle/Barberry (outside plot), perilla mint"
8/12/2025,Schoolhouse Mtn Hawlin,SMH2,Y,Bench,Blackgum,,5.7,M,"Grazed; Stiltgrass/Japanese honeysuckle/Barberry (outside plot), perilla mint"
8/12/2025,Schoolhouse Mtn Hawlin,SMH2,Y,Bench,Blackgum,,9.1,O,"Grazed; Stiltgrass/Japanese honeysuckle/Barberry (outside plot), perilla mint"
8/12/2025,Schoolhouse Mtn Hawlin,SMH2,Y,Bench,Blackgum,,5.2,U,"Grazed; Stiltgrass/Japanese honeysuckle/Barberry (outside plot), perilla mint"
8/12/2025,Schoolhouse Mtn Hawlin,SMH2,Y,Bench,White oak,,22.9,O,"Grazed; Stiltgrass/Japanese honeysuckle/Barberry (outside plot), perilla mint"
8/12/2025,Schoolhouse Mtn Hawlin,SMH2,Y,Bench,Black oak,,9.4,O,"Grazed; Stiltgrass/Japanese honeysuckle/Barberry (outside plot), perilla mint"
8/12/2025,Schoolhouse Mtn Hawlin,SMH2,Y,Bench,Red oak,,18.7,,"Grazed; Stiltgrass/Japanese honeysuckle/Barberry (outside plot), perilla mint"
8/12/2025,Schoolhouse Mtn Hawlin,SMH2,Y,Bench,Red oak,,16,O,"Grazed; Stiltgrass/Japanese honeysuckle/Barberry (outside plot), perilla mint"
NA,Schoolhouse Mtn Hawlin,SMH3,N,NA,NA,,NA,NA,NA
8/4/2025,Schoolhouse Mtn Hawlin,SMH4,Y,Midslope,Hickory,,12.1,,Forgot canopy class
8/4/2025,Schoolhouse Mtn Hawlin,SMH4,Y,Midslope,White oak,,28,,Forgot canopy class
8/4/2025,Schoolhouse Mtn Hawlin,SMH4,Y,Midslope,Hickory,,7.6,,Forgot canopy class
8/4/2025,Schoolhouse Mtn Hawlin,SMH4,Y,Midslope,White oak,,24.8,,Forgot canopy class
8/4/2025,Schoolhouse Mtn Hawlin,SMH4,Y,Midslope,White pine,,12.1,,Forgot canopy class
8/4/2025,Schoolhouse Mtn Hawlin,SMH4,Y,Midslope,White oak,,11.7,,Forgot canopy class
8/4/2025,Schoolhouse Mtn Hawlin,SMH4,Y,Midslope,White pine,,17.6,,Forgot canopy class
8/4/2025,Schoolhouse Mtn Hawlin,SMH4,Y,Midslope,White oak,,12.5,,Forgot canopy class
8/4/2025,Schoolhouse Mtn Hawlin,SMH4,Y,Midslope,White oak,,9,,Forgot canopy class
NA,Schoolhouse Mtn Hawlin,SMH5,N,NA,NA,,NA,NA,NA
8/4/2025,Schoolhouse Mtn Hawlin,SMH6,Y,Midslope,Hickory,,24.1,,Forgot canopy class
8/4/2025,Schoolhouse Mtn Hawlin,SMH6,Y,Midslope,Blackgum,,13.9,,Forgot canopy class
8/4/2025,Schoolhouse Mtn Hawlin,SMH6,Y,Midslope,Red maple,,>3,,Forgot canopy class
8/4/2025,Schoolhouse Mtn Hawlin,SMH6,Y,Midslope,Blackgum,,>3,,Forgot canopy class
8/4/2025,Schoolhouse Mtn Hawlin,SMH6,Y,Midslope,Hickory,,>3,,Forgot canopy class
8/4/2025,Schoolhouse Mtn Hawlin,SMH6,Y,Midslope,Hickory,,>3,,Forgot canopy class
8/4/2025,Schoolhouse Mtn Hawlin,SMH7,Y,Flat,Tulip poplar,,21.6,,Forgot canopy class
8/4/2025,Schoolhouse Mtn Hawlin,SMH7,Y,Flat,Hickory,,12.3,,Forgot canopy class
8/4/2025,Schoolhouse Mtn Hawlin,SMH7,Y,Flat,Hickory,,9.5,,Forgot canopy class
8/4/2025,Schoolhouse Mtn Hawlin,SMH7,Y,Flat,Tulip poplar,,15,,Forgot canopy class
8/4/2025,Schoolhouse Mtn Hawlin,SMH8,Y,Depression,Red maple,,22.3,,Forgot canopy class
8/4/2025,Schoolhouse Mtn Hawlin,SMH8,Y,Depression,Hickory,,6.5,,Forgot canopy class
8/4/2025,Schoolhouse Mtn Hawlin,SMH8,Y,Depression,White oak,,14.3,,Forgot canopy class
8/4/2025,Schoolhouse Mtn Hawlin,SMH8,Y,Depression,Red maple,,10,,Forgot canopy class
8/4/2025,Schoolhouse Mtn Hawlin,SMH8,Y,Depression,Tulip poplar,,6.5,,Forgot canopy class
8/4/2025,Schoolhouse Mtn Hawlin,SMH9,Y,Flat,White pine,,7.8,,Forgot canopy class
8/4/2025,Schoolhouse Mtn Hawlin,SMH9,Y,Flat,Tulip poplar,,23,,Forgot canopy class
8/4/2025,Schoolhouse Mtn Hawlin,SMH9,Y,Flat,White oak,,19.1,,Forgot canopy class
8/4/2025,Schoolhouse Mtn Hawlin,SMH9,Y,Flat,White oak,,12,,Forgot canopy class
8/4/2025,Schoolhouse Mtn Hawlin,SMH9,Y,Flat,White pine,,9.1,,Forgot canopy class
8/4/2025,Schoolhouse Mtn Hawlin,SMH9,Y,Flat,White pine,,5.1,,Forgot canopy class
8/4/2025,Schoolhouse Mtn Hawlin,SMH9,Y,Flat,Sweet birch,,7.6,,Forgot canopy class
8/4/2025,Schoolhouse Mtn Hawlin,SMH9,Y,Flat,Red maple,,6.1,,Forgot canopy class
8/4/2025,Schoolhouse Mtn Hawlin,SMH9,Y,Flat,Red oak,,26.8,,Forgot canopy class
8/4/2025,Schoolhouse Mtn Hawlin,SMH9,Y,Flat,White pine,,7.1,,Forgot canopy class
8/4/2025,Schoolhouse Mtn Hawlin,SMH9,Y,Flat,White pine,,6.8,,Forgot canopy class
8/12/2025,Schoolhouse Mtn Hawlin,SMHA,Y,Ridge/Midslope,Blackgum,,8,M,
8/12/2025,Schoolhouse Mtn Hawlin,SMHA,Y,Ridge/Midslope,Hickory,,8,M,
8/12/2025,Schoolhouse Mtn Hawlin,SMHA,Y,Ridge/Midslope,Red maple,,15,O,
8/12/2025,Schoolhouse Mtn Hawlin,SMHA,Y,Ridge/Midslope,White oak,,31.9,O,
8/12/2025,Schoolhouse Mtn Hawlin,SMHA,Y,Ridge/Midslope,Blackgum,,9.5,O,
8/12/2025,Schoolhouse Mtn Hawlin,SMHA,Y,Ridge/Midslope,Hickory,,10.8,O,
8/12/2025,Schoolhouse Mtn Hawlin,SMHA,Y,Ridge/Midslope,Red maple,,12.7,O,Broken red maple stump-sprouting
8/12/2025,Schoolhouse Mtn Hawlin,SMHA,Y,Ridge/Midslope,White oak,,13.7,O,In fence
NA,Schoolhouse Mtn South,SMS1,N,NA,NA,,NA,NA,NA
NA,Schoolhouse Mtn South,SMS10,N,NA,NA,,NA,NA,NA
8/18/2025,Schoolhouse Mtn South,SMS2,Y,Flat/depression,Tulip poplar,,18.2,O,Est.DBH and plot boundries
8/18/2025,Schoolhouse Mtn South,SMS2,Y,Flat/depression,Tulip poplar,,23.5,O,Est.DBH and plot boundries
8/18/2025,Schoolhouse Mtn South,SMS2,Y,Flat/depression,Tulip poplar,,24.8,O/M,Est.DBH and plot boundries
8/18/2025,Schoolhouse Mtn South,SMS2,Y,Flat/depression,Tulip poplar,,22,O/M,Est.DBH and plot boundries
8/18/2025,Schoolhouse Mtn South,SMS3,Y,Midslope,Sweet birch,,10.4,O,
8/18/2025,Schoolhouse Mtn South,SMS3,Y,Midslope,Blackgum,,25,O,
8/18/2025,Schoolhouse Mtn South,SMS4,Y,Flat/depression,Tulip poplar,,18.3,O,
8/18/2025,Schoolhouse Mtn South,SMS4,Y,Flat/depression,Eastern hemlock,,5.7,U,
8/18/2025,Schoolhouse Mtn South,SMS4,Y,Flat/depression,Tulip poplar,,20.2,O,
8/18/2025,Schoolhouse Mtn South,SMS4,Y,Flat/depression,Sweet birch,,10,M,
8/18/2025,Schoolhouse Mtn South,SMS4,Y,Flat/depression,Ailanthus,,8.4,O,
8/18/2025,Schoolhouse Mtn South,SMS4,Y,Flat/depression,Tulip poplar,,16.4,O,
8/18/2025,Schoolhouse Mtn South,SMS4,Y,Flat/depression,Tulip poplar,,15,O,
NA,Schoolhouse Mtn South,SMS5,N,NA,NA,,NA,NA,NA
8/18/2025,Schoolhouse Mtn South,SMS6,Y,Midslope,Tulip poplar,,29,O,
8/18/2025,Schoolhouse Mtn South,SMS6,Y,Midslope,Sweet birch,,9.7,M,
8/18/2025,Schoolhouse Mtn South,SMS6,Y,Midslope,Ash,,15.2,O,
8/18/2025,Schoolhouse Mtn South,SMS6,Y,Midslope,Tulip poplar,,11.8,O,
8/18/2025,Schoolhouse Mtn South,SMS6,Y,Midslope,Ash,,7,M,
8/18/2025,Schoolhouse Mtn South,SMS6,Y,Midslope,Sweet birch,,9.5,M,
8/18/2025,Schoolhouse Mtn South,SMS6,Y,Midslope,White oak,,8.5,M,
8/18/2025,Schoolhouse Mtn South,SMS6,Y,Midslope,Hickory,,8.8,M,
8/18/2025,Schoolhouse Mtn South,SMS6,Y,Midslope,Sweet birch,,8.2,M,
8/18/2025,Schoolhouse Mtn South,SMS7,Y,Flat,Sweet birch,,12.7,O/M,
8/18/2025,Schoolhouse Mtn South,SMS7,Y,Flat,Eastern hemlock,,9.3,U,
8/18/2025,Schoolhouse Mtn South,SMS7,Y,Flat,Sweet birch,,10.7,O,
8/18/2025,Schoolhouse Mtn South,SMS7,Y,Flat,White pine,,6.2,M,
8/18/2025,Schoolhouse Mtn South,SMS7,Y,Flat,Sweet birch,,8.4,M,
8/18/2025,Schoolhouse Mtn South,SMS7,Y,Flat,Sweet birch,,9.1,O,
8/18/2025,Schoolhouse Mtn South,SMS7,Y,Flat,Tulip poplar,,6.3,M,
NA,Schoolhouse Mtn South,SMS8,N,NA,NA,,NA,NA,NA
NA,Schoolhouse Mtn South,SMS9,N,NA,NA,,NA,NA,NA
9/25/2025,Walden Mtn,WM1,Y,Midslope,Tulip poplar,,22.3,O,"Wineberry, Bittersweet, Stiltgrass"
9/25/2025,Walden Mtn,WM1,Y,Midslope,Tulip poplar,,21,O,"Wineberry, Bittersweet, Stiltgrass"
9/25/2025,Walden Mtn,WM1,Y,Midslope,Red maple,,12,O,"Wineberry, Bittersweet, Stiltgrass"
9/25/2025,Walden Mtn,WM1,Y,Midslope,Red maple,,8,M,"Est DBH; Wineberry, Bittersweet, Stiltgrass"
9/25/2025,Walden Mtn,WM1,Y,Midslope,Tulip poplar,,22.8,O,"Est DBH; Second trunk 6.5 DBH; Wineberry, Bittersweet, Stiltgrass"
9/25/2025,Walden Mtn,WM1,Y,Midslope,Tulip poplar,,20,O,"Wineberry, Bittersweet, Stiltgrass"
9/25/2025,Walden Mtn,WM1,Y,Midslope,Black walnut,,12,O,"Est DBH; Wineberry, Bittersweet, Stiltgrass"
9/25/2025,Walden Mtn,WM1,Y,Midslope,Red maple,,10,U,"Est DBH; Wineberry, Bittersweet, Stiltgrass"
9/25/2025,Walden Mtn,WM1,Y,Midslope,Ailanthus,,20,O,"Est DBH; Wineberry, Bittersweet, Stiltgrass"
9/25/2025,Walden Mtn,WM1,Y,Midslope,Ailanthus,,17,O,"Est DBH; Wineberry, Bittersweet, Stiltgrass"
9/25/2025,Walden Mtn,WM1,Y,Midslope,Black cherry,,10,M,"Est DBH; Wineberry, Bittersweet, Stiltgrass"
9/25/2025,Walden Mtn,WM10,Y,Bench,Tulip poplar,,20.2,O,"Stiltgrass, wineberry, ailanthus(nearby), wavy leaf basket grass"
9/25/2025,Walden Mtn,WM10,Y,Bench,Blackgum,,13.9,M,"Stiltgrass, wineberry, ailanthus(nearby), wavy leaf basket grass"
9/25/2025,Walden Mtn,WM10,Y,Bench,Red maple,,7.7,M,"Stiltgrass, wineberry, ailanthus(nearby), wavy leaf basket grass"
9/25/2025,Walden Mtn,WM10,Y,Bench,Blackgum,,20,M,"Stiltgrass, wineberry, ailanthus(nearby), wavy leaf basket grass"
9/25/2025,Walden Mtn,WM10,Y,Bench,Blackgum,,5.3,M,"Stiltgrass, wineberry, ailanthus(nearby), wavy leaf basket grass"
NA,Walden Mtn,WM11,N,NA,NA,,NA,NA,NA
9/11/2025,Walden Mtn,WM12,Y,Midslope,Mulberry,,8.2,M,Est. plot boundaries; Just below trail
9/11/2025,Walden Mtn,WM12,Y,Midslope,Red oak,,20,O,Est. plot boundaries; Just below trail
9/11/2025,Walden Mtn,WM12,Y,Midslope,Ailanthus,,5.6,O,Est. plot boundaries; Just below trail
9/11/2025,Walden Mtn,WM12,Y,Midslope,Ailanthus,,4.4,O,Est. plot boundaries; Just below trail
9/11/2025,Walden Mtn,WM12,Y,Midslope,Red maple,,4.2,M,Est. plot boundaries; Just below trail
9/11/2025,Walden Mtn,WM12,Y,Midslope,Black oak,,>3,U,Est. plot boundaries; Just below trail
9/30/2025,Walden Mtn,WM13,Y,Midslope,Red maple,,6.1,O,2nd trunk DBH: 4.6
9/30/2025,Walden Mtn,WM13,Y,Midslope,Tulip poplar,,20,M,
9/30/2025,Walden Mtn,WM13,Y,Midslope,Virginia pine,,7.2,O,
9/30/2025,Walden Mtn,WM13,Y,Midslope,White pine,,13.3,O,
9/30/2025,Walden Mtn,WM13,Y,Midslope,Virginia pine,,6.5,O,
9/30/2025,Walden Mtn,WM13,Y,Midslope,Virginia pine,,11.1,O,
NA,Walden Mtn,WM14,N,NA,NA,,NA,NA,NA
9/30/2025,Walden Mtn,WM15,Y,Midslope,Tulip poplar,,5.1,O,
9/30/2025,Walden Mtn,WM15,Y,Midslope,White oak,,7.4,O,
9/30/2025,Walden Mtn,WM15,Y,Midslope,Hickory,,11.8,O,
9/30/2025,Walden Mtn,WM15,Y,Midslope,Tulip poplar,,5.7,O,
9/30/2025,Walden Mtn,WM15,Y,Midslope,Hickory,,7.8,O,
NA,Walden Mtn,WM2,N,NA,NA,,NA,NA,NA
9/22/2025,Walden Mtn,WM3,Y,Midslope/Depression,Tulip poplar,,10,M,"Est DBH; poison ivy, bittersweet"
9/22/2025,Walden Mtn,WM3,Y,Midslope/Depression,Tulip poplar,,20,O,"Est DBH; poison ivy, bittersweet"
9/22/2025,Walden Mtn,WM3,Y,Midslope/Depression,Tulip poplar,,23,O,"Est DBH; poison ivy, bittersweet"
9/22/2025,Walden Mtn,WM3,Y,Midslope/Depression,Tulip poplar,,18,M,"Est DBH; poison ivy, bittersweet"
9/22/2025,Walden Mtn,WM3,Y,Midslope/Depression,Tulip poplar,,6.3,M,"Est DBH; poison ivy, bittersweet"
9/22/2025,Walden Mtn,WM3,Y,Midslope/Depression,Tulip poplar,,19,O,
9/22/2025,Walden Mtn,WM3,Y,Midslope/Depression,Ailanthus,,19,O,Est DBH; lanternflies
9/22/2025,Walden Mtn,WM3,Y,Midslope/Depression,Ailanthus,,12,O,Est DBH; lanternflies
9/22/2025,Walden Mtn,WM3,Y,Midslope/Depression,Ailanthus,,12,O,
9/22/2025,Walden Mtn,WM3,Y,Midslope/Depression,Tulip poplar,,30.2,O,Second trunk DBH: 17
9/25/2025,Walden Mtn,WM4,Y,Flat,Tulip poplar,,34,M,"Next to trail; 1 Deer rub, Bittersweet, Autumn Olive, Stiltgrass, Japanese Barberry, wine berry"
9/25/2025,Walden Mtn,WM4,Y,Flat,Blackgum,,7,O/M,"Next to trail; 1 Deer rub, Bittersweet, Autumn Olive, Stiltgrass, Japanese Barberry, wine berry"
9/25/2025,Walden Mtn,WM4,Y,Flat,Tulip poplar,,32,O,"Next to trail; 1 Deer rub, Bittersweet, Autumn Olive, Stiltgrass, Japanese Barberry, wine berry"
9/25/2025,Walden Mtn,WM4,Y,Flat,Tulip poplar,,28,O,"Next to trail; 1 Deer rub, Bittersweet, Autumn Olive, Stiltgrass, Japanese Barberry, wine berry"
10/1/2025,Walden Mtn,WM5,Y,Midslope,Black walnut,,24,O,"Stiltgrass, Est DBH (lots of S.L.F and brush)"
10/1/2025,Walden Mtn,WM5,Y,Midslope,Red maple,,24,M,"Stiltgrass, Est DBH (lots of S.L.F and brush)"
10/1/2025,Walden Mtn,WM5,Y,Midslope,Tulip poplar,,13.2,O,"Stiltgrass, Est DBH (lots of S.L.F and brush)"
9/22/2025,Walden Mtn,WM6,Y,Midslope,Red oak,,19.5,O,Near peak;
9/22/2025,Walden Mtn,WM6,Y,Midslope,Hickory,,20.8,O,Near peak;
9/22/2025,Walden Mtn,WM6,Y,Midslope,Hickory,,14.7,O/M,Near peak;
9/22/2025,Walden Mtn,WM6,Y,Midslope,Hickory,,14.5,M,Near peak;
9/22/2025,Walden Mtn,WM6,Y,Midslope,Blackgum,,10.6,M,Near peak;
NA,Walden Mtn,WM7,N,NA,NA,,NA,NA,NA
9/30/2025,Walden Mtn,WM8,Y,Midslope,Tulip poplar,,19.5,O,
9/30/2025,Walden Mtn,WM8,Y,Midslope,Hickory,,10.7,O,
9/30/2025,Walden Mtn,WM8,Y,Midslope,Cucumber tree,,20.7,O,
9/30/2025,Walden Mtn,WM8,Y,Midslope,Cucumber tree,,20.1,O,
9/30/2025,Walden Mtn,WM8,Y,Midslope,Chestnut oak,,19.8,O,
9/30/2025,Walden Mtn,WM8,Y,Midslope,Tulip poplar,,18.6,O,
10/1/2025,Walden Mtn,WM9,Y,Midslope,Chestnut oak,,12.7,O,Stiltgrass
10/1/2025,Walden Mtn,WM9,Y,Midslope,Chestnut oak,,6.3,M,Stiltgrass
10/1/2025,Walden Mtn,WM9,Y,Midslope,Chestnut oak,,8.8,O,Stiltgrass
10/1/2025,Walden Mtn,WM9,Y,Midslope,Blackgum,,>3,U,Stiltgrass
