"","Plot.ID","Species","n","rel.freq","Class"
"1","BA1",NA,1,"100%","Canopy"
"2","BA10","Chestnut oak",6,"75%","Canopy"
"3","BA10","Hickory",1,"12%","Canopy"
"4","BA10","Red maple",1,"12%","Canopy"
"5","BA11","Chestnut oak",2,"20%","Canopy"
"6","BA11","Hickory",2,"20%","Canopy"
"7","BA11","Red maple",2,"20%","Canopy"
"8","BA11","Red oak",1,"10%","Canopy"
"9","BA11","Sweet birch",2,"20%","Canopy"
"10","BA11","White pine",1,"10%","Canopy"
"11","BA12","Eastern redcedar",1,"17%","Canopy"
"12","BA12","Red maple",2,"33%","Canopy"
"13","BA12","Tulip poplar",3,"50%","Canopy"
"14","BA13","Black locust",1,"17%","Canopy"
"15","BA13","Eastern redcedar",1,"17%","Canopy"
"16","BA13","Tulip poplar",1,"17%","Canopy"
"17","BA13","Virginia pine",3,"50%","Canopy"
"18","BA13A","Hickory",1,"17%","Canopy"
"19","BA13A","Red maple",1,"17%","Canopy"
"20","BA13A","Tulip poplar",2,"33%","Canopy"
"21","BA13A","Virginia pine",1,"17%","Canopy"
"22","BA13A","White oak",1,"17%","Canopy"
"23","BA14",NA,1,"100%","Canopy"
"24","BA15",NA,1,"100%","Canopy"
"25","BA2","Eastern hemlock",1,"12%","Canopy"
"26","BA2","Red maple",2,"25%","Canopy"
"27","BA2","Red oak",1,"12%","Canopy"
"28","BA2","Sweet birch",1,"12%","Canopy"
"29","BA2","Tulip poplar",1,"12%","Canopy"
"30","BA2","White oak",1,"12%","Canopy"
"31","BA2","White pine",1,"12%","Canopy"
"32","BA3","Hickory",3,"50%","Canopy"
"33","BA3","Tulip poplar",1,"17%","Canopy"
"34","BA3","White oak",2,"33%","Canopy"
"35","BA4","Black walnut",1,"14%","Canopy"
"36","BA4","Hickory",5,"71%","Canopy"
"37","BA4","Post oak",1,"14%","Canopy"
"38","BA5","Black oak",1,"17%","Canopy"
"39","BA5","Hickory",2,"33%","Canopy"
"40","BA5","Red maple",2,"33%","Canopy"
"41","BA5","Tulip poplar",1,"17%","Canopy"
"42","BA6",NA,1,"100%","Canopy"
"43","BA7","Black oak",1,"9%","Canopy"
"44","BA7","Blackgum",1,"9%","Canopy"
"45","BA7","Red oak",1,"9%","Canopy"
"46","BA7","Tulip poplar",1,"9%","Canopy"
"47","BA7","White pine",7,"64%","Canopy"
"48","BA8","Black oak",1,"12%","Canopy"
"49","BA8","Red maple",2,"25%","Canopy"
"50","BA8","Tulip poplar",4,"50%","Canopy"
"51","BA8","White pine",1,"12%","Canopy"
"52","BA9",NA,1,"100%","Canopy"
"53","BH1",NA,1,"100%","Canopy"
"54","BH10","Hickory",5,"62%","Canopy"
"55","BH10","Red oak",2,"25%","Canopy"
"56","BH10","White oak",1,"12%","Canopy"
"57","BH11","Hickory",3,"75%","Canopy"
"58","BH11","Mulberry",1,"25%","Canopy"
"59","BH12","Hickory",2,"40%","Canopy"
"60","BH12","Persimmon",1,"20%","Canopy"
"61","BH12","White oak",2,"40%","Canopy"
"62","BH2",NA,1,"100%","Canopy"
"63","BH3",NA,1,"100%","Canopy"
"64","BH4",NA,1,"100%","Canopy"
"65","BH5","Hickory",2,"50%","Canopy"
"66","BH5","Red oak",1,"25%","Canopy"
"67","BH5","White oak",1,"25%","Canopy"
"68","BH6",NA,1,"100%","Canopy"
"69","BH7",NA,1,"100%","Canopy"
"70","BH8","Blackgum",1,"25%","Canopy"
"71","BH8","Hickory",3,"75%","Canopy"
"72","BH9","Ailanthus",1,"25%","Canopy"
"73","BH9","Sweet birch",1,"25%","Canopy"
"74","BH9","Tulip poplar",2,"50%","Canopy"
"75","BN1","Chestnut oak",1,"11%","Canopy"
"76","BN1","Red maple",1,"11%","Canopy"
"77","BN1","Sweet birch",2,"22%","Canopy"
"78","BN1","Tulip poplar",5,"56%","Canopy"
"79","BN10","Black locust",1,"33%","Canopy"
"80","BN10","Red oak",1,"33%","Canopy"
"81","BN10","Tulip poplar",1,"33%","Canopy"
"82","BN11","Blackgum",1,"20%","Canopy"
"83","BN11","Chestnut oak",1,"20%","Canopy"
"84","BN11","Hickory",1,"20%","Canopy"
"85","BN11","Tulip poplar",1,"20%","Canopy"
"86","BN11","White pine",1,"20%","Canopy"
"87","BN12","Chestnut oak",2,"33%","Canopy"
"88","BN12","Red maple",1,"17%","Canopy"
"89","BN12","White pine",3,"50%","Canopy"
"90","BN13",NA,1,"100%","Canopy"
"91","BN14","Hickory",1,"14%","Canopy"
"92","BN14","Red maple",1,"14%","Canopy"
"93","BN14","Sweet birch",3,"43%","Canopy"
"94","BN14","Tulip poplar",2,"29%","Canopy"
"95","BN15","Black oak",1,"20%","Canopy"
"96","BN15","Hickory",1,"20%","Canopy"
"97","BN15","Tulip poplar",3,"60%","Canopy"
"98","BN2","Black locust",1,"33%","Canopy"
"99","BN2","Hickory",1,"33%","Canopy"
"100","BN2","White oak",1,"33%","Canopy"
"101","BN3","Hickory",2,"67%","Canopy"
"102","BN3","Red oak",1,"33%","Canopy"
"103","BN4","Black oak",1,"17%","Canopy"
"104","BN4","Hickory",2,"33%","Canopy"
"105","BN4","Red oak",1,"17%","Canopy"
"106","BN4","Tulip poplar",2,"33%","Canopy"
"107","BN5","Black oak",2,"20%","Canopy"
"108","BN5","Blackgum",2,"20%","Canopy"
"109","BN5","Hickory",1,"10%","Canopy"
"110","BN5","Red maple",1,"10%","Canopy"
"111","BN5","Red oak",2,"20%","Canopy"
"112","BN5","Tulip poplar",2,"20%","Canopy"
"113","BN6","Dogwood",1,"20%","Canopy"
"114","BN6","Hickory",1,"20%","Canopy"
"115","BN6","Sweet birch",1,"20%","Canopy"
"116","BN6","Tulip poplar",2,"40%","Canopy"
"117","BN7",NA,1,"100%","Canopy"
"118","BN8","Blackgum",2,"22%","Canopy"
"119","BN8","Sweet birch",1,"11%","Canopy"
"120","BN8","White pine",6,"67%","Canopy"
"121","BN9","Blackgum",1,"33%","Canopy"
"122","BN9","Chestnut oak",1,"33%","Canopy"
"123","BN9","White oak",1,"33%","Canopy"
"124","BU1","Black oak",2,"29%","Canopy"
"125","BU1","Blackgum",3,"43%","Canopy"
"126","BU1","Red maple",2,"29%","Canopy"
"127","BU10","Chestnut oak",1,"17%","Canopy"
"128","BU10","Hickory",5,"83%","Canopy"
"129","BU2",NA,1,"100%","Canopy"
"130","BU3","Hickory",3,"100%","Canopy"
"131","BU4","Ailanthus",1,"33%","Canopy"
"132","BU4","Tulip poplar",2,"67%","Canopy"
"133","BU5",NA,1,"100%","Canopy"
"134","BU6",NA,1,"100%","Canopy"
"135","BU7",NA,1,"100%","Canopy"
"136","BU8","Ailanthus",4,"44%","Canopy"
"137","BU8","Black cherry",2,"22%","Canopy"
"138","BU8","Red maple",1,"11%","Canopy"
"139","BU8","Tulip poplar",2,"22%","Canopy"
"140","BU9","Black locust",2,"33%","Canopy"
"141","BU9","Hickory",1,"17%","Canopy"
"142","BU9","Tulip poplar",3,"50%","Canopy"
"143","BW1","Black cherry",1,"25%","Canopy"
"144","BW1","Black gum",2,"50%","Canopy"
"145","BW1","Black walnut",1,"25%","Canopy"
"146","BW10",NA,1,"100%","Canopy"
"147","BW11",NA,1,"100%","Canopy"
"148","BW12",NA,1,"100%","Canopy"
"149","BW2",NA,1,"100%","Canopy"
"150","BW3",NA,1,"100%","Canopy"
"151","BW4",NA,1,"100%","Canopy"
"152","BW5",NA,1,"100%","Canopy"
"153","BW6",NA,1,"100%","Canopy"
"154","BW7",NA,1,"100%","Canopy"
"155","BW8",NA,1,"100%","Canopy"
"156","BW9",NA,1,"100%","Canopy"
"157","CR1",NA,1,"100%","Canopy"
"158","CR10",NA,1,"100%","Canopy"
"159","CR11",NA,1,"100%","Canopy"
"160","CR12","Ailanthus",3,"27%","Canopy"
"161","CR12","Red maple",7,"64%","Canopy"
"162","CR12","White oak",1,"9%","Canopy"
"163","CR2","Black cherry",1,"10%","Canopy"
"164","CR2","Blackgum",1,"10%","Canopy"
"165","CR2","Blackhaw",1,"10%","Canopy"
"166","CR2","Hickory",3,"30%","Canopy"
"167","CR2","Red maple",1,"10%","Canopy"
"168","CR2","Red oak",2,"20%","Canopy"
"169","CR2","Sassafras",1,"10%","Canopy"
"170","CR3","Black locust",1,"20%","Canopy"
"171","CR3","Hickory",3,"60%","Canopy"
"172","CR3","Persimmon",1,"20%","Canopy"
"173","CR4","Hickory",2,"33%","Canopy"
"174","CR4","Red maple",2,"33%","Canopy"
"175","CR4","Tulip poplar",2,"33%","Canopy"
"176","CR5","Walnut",2,"100%","Canopy"
"177","CR6","Blackgum",2,"33%","Canopy"
"178","CR6","Red maple",2,"33%","Canopy"
"179","CR6","Tulip poplar",2,"33%","Canopy"
"180","CR7",NA,1,"100%","Canopy"
"181","CR8",NA,1,"100%","Canopy"
"182","CR9",NA,1,"100%","Canopy"
"183","FL1","Ailanthus",3,"50%","Canopy"
"184","FL1","Black cherry",1,"17%","Canopy"
"185","FL1","Hackberry",1,"17%","Canopy"
"186","FL1","Mulberry",1,"17%","Canopy"
"187","FL10","Ailanthus",1,"12%","Canopy"
"188","FL10","Black oak",1,"12%","Canopy"
"189","FL10","Hickory",2,"25%","Canopy"
"190","FL10","Red maple",1,"12%","Canopy"
"191","FL10","Red oak",1,"12%","Canopy"
"192","FL10","Sassafras",1,"12%","Canopy"
"193","FL10","White oak",1,"12%","Canopy"
"194","FL11","Black oak",1,"17%","Canopy"
"195","FL11","Blackgum",1,"17%","Canopy"
"196","FL11","Tulip poplar",1,"17%","Canopy"
"197","FL11","White oak",3,"50%","Canopy"
"198","FL2","Black cherry",2,"50%","Canopy"
"199","FL2","Hickory",1,"25%","Canopy"
"200","FL2","Red maple",1,"25%","Canopy"
"201","FL3","Boxelder",1,"8%","Canopy"
"202","FL3","Hickory",2,"15%","Canopy"
"203","FL3","Red maple",6,"46%","Canopy"
"204","FL3","Sweet birch",1,"8%","Canopy"
"205","FL3","Tulip poplar",3,"23%","Canopy"
"206","FL4","Ailanthus",4,"40%","Canopy"
"207","FL4","Black cherry",2,"20%","Canopy"
"208","FL4","Hickory",3,"30%","Canopy"
"209","FL4","Red maple",1,"10%","Canopy"
"210","FL5","Dogwood",1,"25%","Canopy"
"211","FL5","Hickory",1,"25%","Canopy"
"212","FL5","Tulip poplar",1,"25%","Canopy"
"213","FL5","Unknown",1,"25%","Canopy"
"214","FL6",NA,1,"100%","Canopy"
"215","FL7",NA,1,"100%","Canopy"
"216","FL8","Black cherry",1,"25%","Canopy"
"217","FL8","Dogwood",1,"25%","Canopy"
"218","FL8","Sassafras",1,"25%","Canopy"
"219","FL8","Tulip poplar",1,"25%","Canopy"
"220","FL9","Black cherry",1,"14%","Canopy"
"221","FL9","Blackgum",2,"29%","Canopy"
"222","FL9","Red maple",2,"29%","Canopy"
"223","FL9","Tulip poplar",2,"29%","Canopy"
"224","FM1","Chestnut oak",2,"20%","Canopy"
"225","FM1","White pine",8,"80%","Canopy"
"226","FM10","Chestnut oak",2,"50%","Canopy"
"227","FM10","Red maple",1,"25%","Canopy"
"228","FM10","White oak",1,"25%","Canopy"
"229","FM11",NA,1,"100%","Canopy"
"230","FM12",NA,1,"100%","Canopy"
"231","FM2","Blackgum",2,"50%","Canopy"
"232","FM2","Hickory",1,"25%","Canopy"
"233","FM2","Tulip poplar",1,"25%","Canopy"
"234","FM3","Red maple",7,"47%","Canopy"
"235","FM3","Tulip poplar",8,"53%","Canopy"
"236","FM4","Chestnut oak",2,"25%","Canopy"
"237","FM4","Hickory",2,"25%","Canopy"
"238","FM4","Red maple",2,"25%","Canopy"
"239","FM4","Tulip poplar",1,"12%","Canopy"
"240","FM4","White pine",1,"12%","Canopy"
"241","FM5","Hickory",1,"50%","Canopy"
"242","FM5","Hornbeam",1,"50%","Canopy"
"243","FM6","Black oak",2,"40%","Canopy"
"244","FM6","Chestnut oak",1,"20%","Canopy"
"245","FM6","White pine",2,"40%","Canopy"
"246","FM7","Chestnut oak",2,"67%","Canopy"
"247","FM7","Sweet birch",1,"33%","Canopy"
"248","FM8",NA,1,"100%","Canopy"
"249","FM9","Ash",1,"4%","Canopy"
"250","FM9","Blackgum",1,"4%","Canopy"
"251","FM9","Eastern hemlock",1,"4%","Canopy"
"252","FM9","Hickory",1,"4%","Canopy"
"253","FM9","Hornbeam",2,"7%","Canopy"
"254","FM9","Red maple",1,"4%","Canopy"
"255","FM9","Sweet birch",11,"41%","Canopy"
"256","FM9","Witch hazel",9,"33%","Canopy"
"257","GS1",NA,1,"100%","Canopy"
"258","GS2",NA,1,"100%","Canopy"
"259","GS3","Hickory",2,"29%","Canopy"
"260","GS3","Red maple",2,"29%","Canopy"
"261","GS3","Red oak",2,"29%","Canopy"
"262","GS3","Tulip poplar",1,"14%","Canopy"
"263","GS4","Red maple",1,"14%","Canopy"
"264","GS4","Tulip poplar",5,"71%","Canopy"
"265","GS4","White pine",1,"14%","Canopy"
"266","GS5","Blackgum",3,"33%","Canopy"
"267","GS5","Chestnut oak",3,"33%","Canopy"
"268","GS5","Red maple",1,"11%","Canopy"
"269","GS5","Red oak",1,"11%","Canopy"
"270","GS5","Tulip poplar",1,"11%","Canopy"
"271","GS6","Beech",1,"10%","Canopy"
"272","GS6","Blackgum",2,"20%","Canopy"
"273","GS6","Chestnut oak",1,"10%","Canopy"
"274","GS6","Hickory",1,"10%","Canopy"
"275","GS6","Sweet birch",4,"40%","Canopy"
"276","GS6","Tulip poplar",1,"10%","Canopy"
"277","GS7",NA,1,"100%","Canopy"
"278","GS8","Red maple",3,"50%","Canopy"
"279","GS8","Red oak",1,"17%","Canopy"
"280","GS8","Tulip poplar",2,"33%","Canopy"
"281","HW1","Black oak",2,"40%","Canopy"
"282","HW1","Tulip poplar",3,"60%","Canopy"
"283","HW10","Hickory",1,"17%","Canopy"
"284","HW10","Sweet birch",4,"67%","Canopy"
"285","HW10","Tulip poplar",1,"17%","Canopy"
"286","HW11","Ailanthus",1,"14%","Canopy"
"287","HW11","Tulip poplar",4,"57%","Canopy"
"288","HW11","White oak",2,"29%","Canopy"
"289","HW12","Hickory",3,"38%","Canopy"
"290","HW12","Tulip poplar",3,"38%","Canopy"
"291","HW12","Virginia pine",1,"12%","Canopy"
"292","HW12","White oak",1,"12%","Canopy"
"293","HW2",NA,1,"100%","Canopy"
"294","HW3","Black locust",1,"25%","Canopy"
"295","HW3","Hickory",1,"25%","Canopy"
"296","HW3","Red maple",1,"25%","Canopy"
"297","HW3","Tulip poplar",1,"25%","Canopy"
"298","HW4","Hickory",1,"17%","Canopy"
"299","HW4","Red maple",1,"17%","Canopy"
"300","HW4","Tulip poplar",1,"17%","Canopy"
"301","HW4","Virginia pine",1,"17%","Canopy"
"302","HW4","White oak",2,"33%","Canopy"
"303","HW5",NA,1,"100%","Canopy"
"304","HW6",NA,1,"100%","Canopy"
"305","HW7","Blackgum",1,"17%","Canopy"
"306","HW7","Red maple",1,"17%","Canopy"
"307","HW7","Sweet birch",1,"17%","Canopy"
"308","HW7","Tulip poplar",1,"17%","Canopy"
"309","HW7","White oak",1,"17%","Canopy"
"310","HW7","White pine",1,"17%","Canopy"
"311","HW8",NA,1,"100%","Canopy"
"312","HW9","Sweet birch",2,"25%","Canopy"
"313","HW9","Tulip poplar",5,"62%","Canopy"
"314","HW9","White oak",1,"12%","Canopy"
"315","JM1",NA,1,"100%","Canopy"
"316","JM10","Tulip poplar",7,"100%","Canopy"
"317","JM11","Tulip poplar",6,"75%","Canopy"
"318","JM11","White pine",2,"25%","Canopy"
"319","JM12","Ailanthus",2,"50%","Canopy"
"320","JM12","Sassafras",1,"25%","Canopy"
"321","JM12","Tulip poplar",1,"25%","Canopy"
"322","JM13","Tulip poplar",4,"100%","Canopy"
"323","JM14","Blackgum",1,"14%","Canopy"
"324","JM14","Hickory",6,"86%","Canopy"
"325","JM15",NA,1,"100%","Canopy"
"326","JM16","Green ash",1,"14%","Canopy"
"327","JM16","Hickory",1,"14%","Canopy"
"328","JM16","Redbud",2,"29%","Canopy"
"329","JM16","Tulip poplar",2,"29%","Canopy"
"330","JM16","Walnut",1,"14%","Canopy"
"331","JM17","Hickory",3,"43%","Canopy"
"332","JM17","Sweet birch",2,"29%","Canopy"
"333","JM17","Tulip poplar",2,"29%","Canopy"
"334","JM18",NA,1,"100%","Canopy"
"335","JM2","Black cherry",1,"14%","Canopy"
"336","JM2","Tulip poplar",6,"86%","Canopy"
"337","JM3","Hickory",6,"46%","Canopy"
"338","JM3","Red maple",1,"8%","Canopy"
"339","JM3","Red oak",1,"8%","Canopy"
"340","JM3","Striped maple",4,"31%","Canopy"
"341","JM3","Tulip poplar",1,"8%","Canopy"
"342","JM4","Blackgum",1,"14%","Canopy"
"343","JM4","Chestnut oak",4,"57%","Canopy"
"344","JM4","Sweet birch",1,"14%","Canopy"
"345","JM4","Tulip poplar",1,"14%","Canopy"
"346","JM5",NA,1,"100%","Canopy"
"347","JM6","Black gum",1,"20%","Canopy"
"348","JM6","Tulip poplar",4,"80%","Canopy"
"349","JM7",NA,1,"100%","Canopy"
"350","JM8","Blackgum",3,"30%","Canopy"
"351","JM8","Elm",3,"30%","Canopy"
"352","JM8","Hickory",1,"10%","Canopy"
"353","JM8","Northern red oak",1,"10%","Canopy"
"354","JM8","Walnut",1,"10%","Canopy"
"355","JM8","White oak",1,"10%","Canopy"
"356","JM9","Hickory",3,"30%","Canopy"
"357","JM9","Sweet birch",1,"10%","Canopy"
"358","JM9","Tulip poplar",6,"60%","Canopy"
"359","PT1",NA,1,"100%","Canopy"
"360","PT2",NA,1,"100%","Canopy"
"361","PT3","Blackgum",3,"75%","Canopy"
"362","PT3","Boxelder",1,"25%","Canopy"
"363","PT4","Ailanthus",1,"17%","Canopy"
"364","PT4","Hickory",2,"33%","Canopy"
"365","PT4","Mimosa",1,"17%","Canopy"
"366","PT4","Tulip poplar",1,"17%","Canopy"
"367","PT4","Unknown",1,"17%","Canopy"
"368","PT5",NA,1,"100%","Canopy"
"369","PT6","Ailanthus",2,"50%","Canopy"
"370","PT6","Black cherry",1,"25%","Canopy"
"371","PT6","Tulip poplar",1,"25%","Canopy"
"372","PT7",NA,1,"100%","Canopy"
"373","PT8",NA,1,"100%","Canopy"
"374","PT9","Black cherry",1,"14%","Canopy"
"375","PT9","Black oak",3,"43%","Canopy"
"376","PT9","Dogwood",1,"14%","Canopy"
"377","PT9","Tulip poplar",2,"29%","Canopy"
"378","QW1",NA,1,"100%","Canopy"
"379","QW10","Ailanthus",1,"12%","Canopy"
"380","QW10","Blackgum",2,"25%","Canopy"
"381","QW10","Post oak",3,"38%","Canopy"
"382","QW10","Tulip poplar",1,"12%","Canopy"
"383","QW10","Virginia pine",1,"12%","Canopy"
"384","QW11",NA,1,"100%","Canopy"
"385","QW12",NA,1,"100%","Canopy"
"386","QW13",NA,1,"100%","Canopy"
"387","QW14","White oak",4,"100%","Canopy"
"388","QW2",NA,1,"100%","Canopy"
"389","QW3","Hickory",2,"100%","Canopy"
"390","QW4",NA,1,"100%","Canopy"
"391","QW5",NA,1,"100%","Canopy"
"392","QW6",NA,1,"100%","Canopy"
"393","QW7","Ailanthus",1,"14%","Canopy"
"394","QW7","Sweet birch",1,"14%","Canopy"
"395","QW7","Tulip poplar",5,"71%","Canopy"
"396","QW8","Ailanthus",6,"86%","Canopy"
"397","QW8","Black walnut",1,"14%","Canopy"
"398","QW9","Black cherry",1,"17%","Canopy"
"399","QW9","Eastern redcedar",1,"17%","Canopy"
"400","QW9","Hawthorn",1,"17%","Canopy"
"401","QW9","Post oak",2,"33%","Canopy"
"402","QW9","Red maple",1,"17%","Canopy"
"403","RK1","Black cherry",1,"100%","Canopy"
"404","RK10","Ailanthus",2,"40%","Canopy"
"405","RK10","Red maple",2,"40%","Canopy"
"406","RK10","Tulip poplar",1,"20%","Canopy"
"407","RK11","Chestnut oak",1,"17%","Canopy"
"408","RK11","Hickory",1,"17%","Canopy"
"409","RK11","Tulip poplar",1,"17%","Canopy"
"410","RK11","White oak",3,"50%","Canopy"
"411","RK12","Black cherry",1,"50%","Canopy"
"412","RK12","Eastern redcedar",1,"50%","Canopy"
"413","RK2","Blackgum",1,"25%","Canopy"
"414","RK2","Tulip poplar",2,"50%","Canopy"
"415","RK2","White oak",1,"25%","Canopy"
"416","RK3","Ailanthus",1,"33%","Canopy"
"417","RK3","Walnut",2,"67%","Canopy"
"418","RK4","Hickory",4,"44%","Canopy"
"419","RK4","Red maple",2,"22%","Canopy"
"420","RK4","Shagwood hickory",2,"22%","Canopy"
"421","RK4","Tulip poplar",1,"11%","Canopy"
"422","RK5","Black gum",2,"25%","Canopy"
"423","RK5","Black walnut",1,"12%","Canopy"
"424","RK5","Northern red oak",1,"12%","Canopy"
"425","RK5","Tulip poplar",2,"25%","Canopy"
"426","RK5","White oak",2,"25%","Canopy"
"427","RK6","Black oak",3,"50%","Canopy"
"428","RK6","Red maple",2,"33%","Canopy"
"429","RK6","Virginia pine",1,"17%","Canopy"
"430","RK7",NA,1,"100%","Canopy"
"431","RK8",NA,1,"100%","Canopy"
"432","RK9","Red maple",1,"25%","Canopy"
"433","RK9","Tulip poplar",3,"75%","Canopy"
"434","RMH1",NA,1,"100%","Canopy"
"435","RMH10","  ",1,"20%","Canopy"
"436","RMH10","Hickory",3,"60%","Canopy"
"437","RMH10","Tulip poplar",1,"20%","Canopy"
"438","RMH2","Black oak",1,"14%","Canopy"
"439","RMH2","Hickory",1,"14%","Canopy"
"440","RMH2","Princess tree",1,"14%","Canopy"
"441","RMH2","Red maple",2,"29%","Canopy"
"442","RMH2","Sassafrass",1,"14%","Canopy"
"443","RMH2","Tulip poplar",1,"14%","Canopy"
"444","RMH3",NA,1,"100%","Canopy"
"445","RMH4","Chestnut oak",1,"14%","Canopy"
"446","RMH4","Hickory",4,"57%","Canopy"
"447","RMH4","Unknown",1,"14%","Canopy"
"448","RMH4","White oak",1,"14%","Canopy"
"449","RMH5",NA,1,"100%","Canopy"
"450","RMH6",NA,1,"100%","Canopy"
"451","RMH7",NA,1,"100%","Canopy"
"452","RMH8","Black oak",1,"20%","Canopy"
"453","RMH8","Hickory",2,"40%","Canopy"
"454","RMH8","Red maple",1,"20%","Canopy"
"455","RMH8","Tulip poplar",1,"20%","Canopy"
"456","RMH9","Red maple",2,"40%","Canopy"
"457","RMH9","Tulip poplar",3,"60%","Canopy"
"458","RMM1","Hackberry",1,"33%","Canopy"
"459","RMM1","Sycamore",1,"33%","Canopy"
"460","RMM1","Tulip poplar",1,"33%","Canopy"
"461","RMM10","Black oak",1,"20%","Canopy"
"462","RMM10","Red maple",3,"60%","Canopy"
"463","RMM10","White pine",1,"20%","Canopy"
"464","RMM2",NA,1,"100%","Canopy"
"465","RMM3","Black oak",1,"20%","Canopy"
"466","RMM3","Chestnut oak",1,"20%","Canopy"
"467","RMM3","Hickory",2,"40%","Canopy"
"468","RMM3","White pine",1,"20%","Canopy"
"469","RMM4",NA,1,"100%","Canopy"
"470","RMM5",NA,1,"100%","Canopy"
"471","RMM6","Black oak",1,"20%","Canopy"
"472","RMM6","Chestnut oak",4,"80%","Canopy"
"473","RMM7",NA,1,"100%","Canopy"
"474","RMM8","Black oak",1,"50%","Canopy"
"475","RMM8","Sweet birch",1,"50%","Canopy"
"476","RMM9",NA,1,"100%","Canopy"
"477","SL1","Ailanthus",1,"20%","Canopy"
"478","SL1","Tulip poplar",4,"80%","Canopy"
"479","SL10",NA,1,"100%","Canopy"
"480","SL11",NA,1,"100%","Canopy"
"481","SL12","Black oak",1,"17%","Canopy"
"482","SL12","Red maple",1,"17%","Canopy"
"483","SL12","Sweet birch",3,"50%","Canopy"
"484","SL12","Tulip poplar",1,"17%","Canopy"
"485","SL13",NA,1,"100%","Canopy"
"486","SL2","Chestnut oak",1,"20%","Canopy"
"487","SL2","Red oak",1,"20%","Canopy"
"488","SL2","Sweet birch",3,"60%","Canopy"
"489","SL3","Blackgum",3,"38%","Canopy"
"490","SL3","Hickory",1,"12%","Canopy"
"491","SL3","Red maple",1,"12%","Canopy"
"492","SL3","Tulip poplar",1,"12%","Canopy"
"493","SL3","White oak",2,"25%","Canopy"
"494","SL4","Black oak",2,"20%","Canopy"
"495","SL4","Blackgum",1,"10%","Canopy"
"496","SL4","Chestnut oak",2,"20%","Canopy"
"497","SL4","Sweet birch",4,"40%","Canopy"
"498","SL4","Tulip poplar",1,"10%","Canopy"
"499","SL5","Blackgum",1,"17%","Canopy"
"500","SL5","Chestnut oak",1,"17%","Canopy"
"501","SL5","Red oak",1,"17%","Canopy"
"502","SL5","Sweet birch",2,"33%","Canopy"
"503","SL5","Tulip poplar",1,"17%","Canopy"
"504","SL6","Red maple",3,"43%","Canopy"
"505","SL6","Tulip poplar",4,"57%","Canopy"
"506","SL7",NA,1,"100%","Canopy"
"507","SL8","Maple spp.",1,"25%","Canopy"
"508","SL8","Tulip poplar",3,"75%","Canopy"
"509","SL9","Black walnut",2,"67%","Canopy"
"510","SL9","Tulip poplar",1,"33%","Canopy"
"511","SM1",NA,1,"100%","Canopy"
"512","SM10",NA,1,"100%","Canopy"
"513","SM11",NA,1,"100%","Canopy"
"514","SM12",NA,1,"100%","Canopy"
"515","SM13","Red maple",1,"20%","Canopy"
"516","SM13","Tulip poplar",4,"80%","Canopy"
"517","SM14","Black oak",1,"20%","Canopy"
"518","SM14","Chestnut oak",1,"20%","Canopy"
"519","SM14","Hickory",1,"20%","Canopy"
"520","SM14","Red oak",2,"40%","Canopy"
"521","SM15","Black oak",1,"33%","Canopy"
"522","SM15","Tulip poplar",2,"67%","Canopy"
"523","SM2","Blackgum",1,"50%","Canopy"
"524","SM2","Red maple",1,"50%","Canopy"
"525","SM3",NA,1,"100%","Canopy"
"526","SM4",NA,1,"100%","Canopy"
"527","SM5","Blackgum",2,"29%","Canopy"
"528","SM5","Red maple",2,"29%","Canopy"
"529","SM5","Tulip poplar",3,"43%","Canopy"
"530","SM6","Red maple",5,"71%","Canopy"
"531","SM6","Striped maple",1,"14%","Canopy"
"532","SM6","Tulip poplar",1,"14%","Canopy"
"533","SM7","Ailanthus",1,"17%","Canopy"
"534","SM7","Tulip poplar",3,"50%","Canopy"
"535","SM7","Walnut",2,"33%","Canopy"
"536","SM8",NA,1,"100%","Canopy"
"537","SM9","Red maple",1,"14%","Canopy"
"538","SM9","Red oak",1,"14%","Canopy"
"539","SM9","Striped maple",1,"14%","Canopy"
"540","SM9","Sweet birch",3,"43%","Canopy"
"541","SM9","Tulip poplar",1,"14%","Canopy"
"542","SMH1","Post oak",1,"50%","Canopy"
"543","SMH1","White oak",1,"50%","Canopy"
"544","SMH10",NA,1,"100%","Canopy"
"545","SMH2","Black oak",1,"9%","Canopy"
"546","SMH2","Blackgum",4,"36%","Canopy"
"547","SMH2","Red maple",1,"9%","Canopy"
"548","SMH2","Red oak",3,"27%","Canopy"
"549","SMH2","White oak",2,"18%","Canopy"
"550","SMH3",NA,1,"100%","Canopy"
"551","SMH4","Hickory",2,"22%","Canopy"
"552","SMH4","White oak",5,"56%","Canopy"
"553","SMH4","White pine",2,"22%","Canopy"
"554","SMH5",NA,1,"100%","Canopy"
"555","SMH6","Blackgum",2,"33%","Canopy"
"556","SMH6","Hickory",3,"50%","Canopy"
"557","SMH6","Red maple",1,"17%","Canopy"
"558","SMH7","Hickory",2,"50%","Canopy"
"559","SMH7","Tulip poplar",2,"50%","Canopy"
"560","SMH8","Hickory",1,"20%","Canopy"
"561","SMH8","Red maple",2,"40%","Canopy"
"562","SMH8","Tulip poplar",1,"20%","Canopy"
"563","SMH8","White oak",1,"20%","Canopy"
"564","SMH9","Red maple",1,"9%","Canopy"
"565","SMH9","Red oak",1,"9%","Canopy"
"566","SMH9","Sweet birch",1,"9%","Canopy"
"567","SMH9","Tulip poplar",1,"9%","Canopy"
"568","SMH9","White oak",2,"18%","Canopy"
"569","SMH9","White pine",5,"45%","Canopy"
"570","SMHA","Blackgum",2,"25%","Canopy"
"571","SMHA","Hickory",2,"25%","Canopy"
"572","SMHA","Red maple",2,"25%","Canopy"
"573","SMHA","White oak",2,"25%","Canopy"
"574","SMS1",NA,1,"100%","Canopy"
"575","SMS10",NA,1,"100%","Canopy"
"576","SMS2","Tulip poplar",4,"100%","Canopy"
"577","SMS3","Blackgum",1,"50%","Canopy"
"578","SMS3","Sweet birch",1,"50%","Canopy"
"579","SMS4","Ailanthus",1,"14%","Canopy"
"580","SMS4","Eastern hemlock",1,"14%","Canopy"
"581","SMS4","Sweet birch",1,"14%","Canopy"
"582","SMS4","Tulip poplar",4,"57%","Canopy"
"583","SMS5",NA,1,"100%","Canopy"
"584","SMS6","Ash",2,"22%","Canopy"
"585","SMS6","Hickory",1,"11%","Canopy"
"586","SMS6","Sweet birch",3,"33%","Canopy"
"587","SMS6","Tulip poplar",2,"22%","Canopy"
"588","SMS6","White oak",1,"11%","Canopy"
"589","SMS7","Eastern hemlock",1,"14%","Canopy"
"590","SMS7","Sweet birch",4,"57%","Canopy"
"591","SMS7","Tulip poplar",1,"14%","Canopy"
"592","SMS7","White pine",1,"14%","Canopy"
"593","SMS8",NA,1,"100%","Canopy"
"594","SMS9",NA,1,"100%","Canopy"
"595","WM1","Ailanthus",2,"18%","Canopy"
"596","WM1","Black cherry",1,"9%","Canopy"
"597","WM1","Black walnut",1,"9%","Canopy"
"598","WM1","Red maple",3,"27%","Canopy"
"599","WM1","Tulip poplar",4,"36%","Canopy"
"600","WM10","Blackgum",3,"60%","Canopy"
"601","WM10","Red maple",1,"20%","Canopy"
"602","WM10","Tulip poplar",1,"20%","Canopy"
"603","WM11",NA,1,"100%","Canopy"
"604","WM12","Ailanthus",2,"33%","Canopy"
"605","WM12","Black oak",1,"17%","Canopy"
"606","WM12","Mulberry",1,"17%","Canopy"
"607","WM12","Red maple",1,"17%","Canopy"
"608","WM12","Red oak",1,"17%","Canopy"
"609","WM13","Red maple",1,"17%","Canopy"
"610","WM13","Tulip poplar",1,"17%","Canopy"
"611","WM13","Virginia pine",3,"50%","Canopy"
"612","WM13","White pine",1,"17%","Canopy"
"613","WM14",NA,1,"100%","Canopy"
"614","WM15","Hickory",2,"40%","Canopy"
"615","WM15","Tulip poplar",2,"40%","Canopy"
"616","WM15","White oak",1,"20%","Canopy"
"617","WM2",NA,1,"100%","Canopy"
"618","WM3","Ailanthus",3,"30%","Canopy"
"619","WM3","Tulip poplar",7,"70%","Canopy"
"620","WM4","Blackgum",1,"25%","Canopy"
"621","WM4","Tulip poplar",3,"75%","Canopy"
"622","WM5","Black walnut",1,"33%","Canopy"
"623","WM5","Red maple",1,"33%","Canopy"
"624","WM5","Tulip poplar",1,"33%","Canopy"
"625","WM6","Blackgum",1,"20%","Canopy"
"626","WM6","Hickory",3,"60%","Canopy"
"627","WM6","Red oak",1,"20%","Canopy"
"628","WM7",NA,1,"100%","Canopy"
"629","WM8","Chestnut oak",1,"17%","Canopy"
"630","WM8","Cucumber tree",2,"33%","Canopy"
"631","WM8","Hickory",1,"17%","Canopy"
"632","WM8","Tulip poplar",2,"33%","Canopy"
"633","WM9","Blackgum",1,"25%","Canopy"
"634","WM9","Chestnut oak",3,"75%","Canopy"
